ts,biomass,energy_storage,fossil_coal-derived_gas,fossil_gas,fossil_oil_shale,fossil_peat,hydro_run-of-river_and_pondage,other,other_renewable,solar,waste,wind_onshore
2026-01-01 00:00:00+00:00,59.05,,56.2,5.0,0.0,0.0,0.8,0.0,0.0,0.775,16.45,83.5
2026-01-01 01:00:00+00:00,60.925,,55.6,5.0,0.0,0.0,0.8,0.0,0.0,0.725,16.225,107.75
2026-01-01 02:00:00+00:00,59.025,,52.95,5.05,0.0,0.0,0.8,0.0,0.0,0.375,16.025,146.95
2026-01-01 03:00:00+00:00,59.125,,50.9,5.675,0.0,0.0,0.8,0.0,0.0,0.5,16.15,213.2
2026-01-01 04:00:00+00:00,59.125,,49.175,5.625,0.0,0.0,0.8,0.0,0.0,6.875,15.975,244.02499999999998
2026-01-01 05:00:00+00:00,59.025,,49.4,5.4,0.0,0.0,0.8,0.0,0.0,3.35,15.875,294.7
2026-01-01 06:00:00+00:00,59.025,,50.7,5.325,0.0,0.0,0.7,0.0,0.0,2.05,16.275,352.825
2026-01-01 07:00:00+00:00,58.175,,50.775,5.1,0.0,0.0,0.7,0.0,0.0,12.775,16.325,259.02500000000003
2026-01-01 08:00:00+00:00,57.8,,52.5,5.1,0.0,0.0,0.7,0.0,0.0,24.075,16.5,214.025
2026-01-01 09:00:00+00:00,57.75,,55.8,4.575,0.0,0.0,0.725,0.0,0.0,24.575,16.45,185.325
2026-01-01 10:00:00+00:00,57.7,,56.05,3.9,0.0,0.0,0.8,0.0,0.0,20.375,16.2,195.575
2026-01-01 11:00:00+00:00,57.35,,55.7,4.65,0.0,0.0,0.8,0.0,0.0,7.5,16.4,237.25
2026-01-01 12:00:00+00:00,57.275,,53.75,5.275,0.0,0.0,0.8,0.0,0.0,0.9,15.575,249.825
2026-01-01 13:00:00+00:00,54.7,,53.85,5.4,0.0,0.0,0.8,0.0,0.0,4.95,15.65,256.45
2026-01-01 14:00:00+00:00,53.175,,54.724999999999994,5.35,0.0,0.0,0.8,0.0,0.0,9.675,16.125,283.25
2026-01-01 15:00:00+00:00,52.675000000000004,,55.475,5.275,0.0,0.0,0.8,0.0,0.0,5.6,16.075,315.8
2026-01-01 16:00:00+00:00,46.25,,55.325,5.3,0.0,0.0,0.8,0.0,0.0,4.65,15.75,328.4
2026-01-01 17:00:00+00:00,44.725,,56.425,5.3,0.0,0.0,0.8,0.0,0.0,0.85,16.475,381.55
2026-01-01 18:00:00+00:00,46.675,,57.125,5.3,0.0,0.0,0.8,0.0,0.0,0.325,16.475,408.8
2026-01-01 19:00:00+00:00,43.725,,58.175,5.3,0.0,0.0,0.8,0.0,0.0,2.775,16.35,414.8
2026-01-01 20:00:00+00:00,45.2,,59.0,5.2,0.0,0.0,0.8,0.0,0.0,5.075,16.0,431.0
2026-01-01 21:00:00+00:00,43.825,,59.825,5.025,0.0,0.0,0.8,0.0,0.0,0.55,15.325,410.825
2026-01-01 22:00:00+00:00,43.625,,59.05,5.0,0.0,0.0,0.8,0.0,0.0,0.9,16.375,404.3
2026-01-01 23:00:00+00:00,42.3,,58.0,5.0,0.0,0.0,0.8,0.0,0.0,2.625,16.8,381.075
2026-01-02 00:00:00+00:00,44.025,,56.974999999999994,5.0,0.0,0.0,0.8,0.0,0.0,0.275,16.9,339.7
2026-01-02 01:00:00+00:00,45.85,,56.725,5.0,0.0,0.0,0.8,0.0,0.0,1.4,16.8,317.25
2026-01-02 02:00:00+00:00,45.875,,57.075,4.975,0.0,0.0,0.8,0.0,0.0,0.325,16.45,308.275
2026-01-02 03:00:00+00:00,42.625,,56.775,4.75,0.0,0.0,0.8,0.0,0.0,3.675,16.5,352.5
2026-01-02 04:00:00+00:00,50.95,,54.55,4.7,0.0,0.0,0.8,0.0,0.0,1.6500000000000001,15.825,356.8
2026-01-02 05:00:00+00:00,55.175,,56.95,4.7,0.0,0.0,0.75,0.0,0.0,0.375,15.5,357.675
2026-01-02 06:00:00+00:00,57.349999999999994,,55.6,4.7,0.0,0.0,0.7,0.0,0.0,2.55,16.15,347.125
2026-01-02 07:00:00+00:00,57.875,,55.475,4.7,0.0,0.0,0.7,0.0,0.0,12.175,16.299999999999997,301.125
2026-01-02 08:00:00+00:00,57.9,,56.225,4.7,0.0,0.0,0.7,0.0,0.0,18.675,15.775,269.275
2026-01-02 09:00:00+00:00,57.9,,56.85,4.775,0.0,0.0,0.7,0.0,0.0,20.625,14.75,233.725
2026-01-02 10:00:00+00:00,57.625,,57.625,4.9,0.0,0.0,0.7,0.0,0.0,20.65,14.4,216.55
2026-01-02 11:00:00+00:00,57.175,,57.85,4.9,0.0,0.0,0.7,0.0,0.0,9.775,15.65,187.525
2026-01-02 12:00:00+00:00,57.45,,58.325,4.9,0.0,0.0,0.725,0.0,0.0,3.85,15.675,166.25
2026-01-02 13:00:00+00:00,56.375,,57.6,4.9,0.0,0.0,0.7,0.0,0.0,2.425,15.725,155.45
2026-01-02 14:00:00+00:00,55.05,,57.775,4.9,0.0,0.0,0.7,0.0,0.0,4.5,16.4,142.775
2026-01-02 15:00:00+00:00,55.1,,58.625,4.9,0.0,0.0,0.7,0.0,0.0,2.1,16.65,145.55
2026-01-02 16:00:00+00:00,54.300000000000004,,58.375,4.975,0.0,0.0,0.775,0.0,0.0,1.05,16.25,132.975
2026-01-02 17:00:00+00:00,55.025,,58.675,5.0,0.0,0.0,0.8,0.0,0.0,2.95,15.55,111.85
2026-01-02 18:00:00+00:00,55.875,,57.65,4.875,0.0,0.0,0.8,0.0,0.0,4.775,15.8,104.3
2026-01-02 19:00:00+00:00,55.875,,54.7,4.7,0.0,0.0,0.8,0.0,0.0,1.975,15.8,97.125
2026-01-02 20:00:00+00:00,57.25,,55.3,4.825,0.0,0.0,0.8,0.0,0.0,3.0,15.175,89.725
2026-01-02 21:00:00+00:00,57.2,,55.8,4.675,0.0,0.0,0.8,0.0,0.0,5.7749999999999995,15.225,83.675
2026-01-02 22:00:00+00:00,58.0,,57.625,4.4,0.0,0.0,0.8,0.0,0.0,2.575,15.35,74.25
2026-01-02 23:00:00+00:00,56.5,,60.5,4.225,0.0,0.0,0.8,0.0,0.0,0.225,15.875,76.5
2026-01-03 00:00:00+00:00,57.95,,60.25,4.2,0.0,0.0,0.8,0.0,0.0,0.225,15.8,75.175
2026-01-03 01:00:00+00:00,60.6,,59.8,4.125,0.0,0.0,0.8,0.0,0.0,0.17500000000000002,15.524999999999999,62.2
2026-01-03 02:00:00+00:00,59.375,,60.95,4.1,0.0,0.0,0.8,0.0,0.0,4.0,15.6,56.85
2026-01-03 03:00:00+00:00,58.324999999999996,,61.5,4.4,0.0,0.0,0.8,0.0,0.15,1.025,15.924999999999999,52.25
2026-01-03 04:00:00+00:00,58.475,,61.35,5.05,0.0,0.0,0.8,0.0,0.9,2.05,16.1,47.75
2026-01-03 05:00:00+00:00,58.75,,61.65,5.1,0.0,0.0,0.8,0.0,0.9,3.8249999999999997,15.625,43.625
2026-01-03 06:00:00+00:00,59.95,,61.325,5.15,0.0,0.0,0.8,0.0,0.9,1.675,16.1,34.5
2026-01-03 07:00:00+00:00,59.8,,62.0,5.325,0.0,0.0,0.8,0.0,0.9,10.1,15.875,28.075000000000003
2026-01-03 08:00:00+00:00,59.175,,61.9,5.5,0.0,0.0,0.8,0.0,0.9,10.475,15.975000000000001,18.875
2026-01-03 09:00:00+00:00,59.175,,64.775,5.5,0.0,0.0,0.8,0.0,0.9,12.625,16.65,15.399999999999999
2026-01-03 10:00:00+00:00,59.3,,64.0,5.5,0.0,0.0,0.8,0.0,0.9,19.45,16.35,15.175
2026-01-03 11:00:00+00:00,58.575,,62.3,5.5,0.0,0.0,0.8,0.0,0.9,9.825,16.475,14.825
2026-01-03 12:00:00+00:00,59.1,,59.125,5.5,0.0,0.0,0.8,0.0,0.9,3.975,16.275,24.35
2026-01-03 13:00:00+00:00,58.2,,61.75,5.5,0.0,0.0,0.8,0.0,0.9,1.775,16.55,33.55
2026-01-03 14:00:00+00:00,57.125,,63.075,5.125,0.0,0.0,0.8,0.0,0.9,1.525,16.55,37.4
2026-01-03 15:00:00+00:00,57.3,,62.5,5.0,0.0,0.0,0.8,0.0,0.9,2.1,16.25,32.1
2026-01-03 16:00:00+00:00,56.225,,62.05,5.0,0.0,0.0,0.8,0.0,0.9,1.4,16.175,28.75
2026-01-03 17:00:00+00:00,57.375,,63.05,5.0,0.0,0.0,0.8,0.0,0.9,1.2000000000000002,15.975,30.2
2026-01-03 18:00:00+00:00,58.199999999999996,,63.7,4.975,0.0,0.0,0.8,0.0,0.275,1.0,15.6,30.825
2026-01-03 19:00:00+00:00,58.375,,63.4,4.475,0.0,0.0,0.8,0.0,0.0,0.225,15.15,25.75
2026-01-03 20:00:00+00:00,59.4,,63.85,3.95,0.0,0.0,0.8,0.0,0.0,3.2,14.4,35.625
2026-01-03 21:00:00+00:00,58.574999999999996,,63.550000000000004,3.9,0.0,0.0,0.8,0.0,0.0,1.95,13.7,57.775
2026-01-03 22:00:00+00:00,60.175,,63.474999999999994,3.9,0.0,0.0,0.8,0.0,0.0,0.325,14.675,58.325
2026-01-03 23:00:00+00:00,59.275000000000006,,63.125,3.875,0.0,0.0,0.8,0.0,0.0,2.7,14.825,64.025
2026-01-04 00:00:00+00:00,60.45,,62.675,3.725,0.0,0.0,0.8,0.0,0.0,5.675,15.2,62.15
2026-01-04 01:00:00+00:00,62.95,,62.45,3.7,0.0,0.0,0.8,0.0,0.0,2.075,15.9,66.775
2026-01-04 02:00:00+00:00,61.05,,63.5,3.75,0.0,0.0,0.8,0.0,0.0,0.9249999999999999,16.25,66.45
2026-01-04 03:00:00+00:00,60.650000000000006,,60.625,3.9,0.0,0.0,0.8,0.0,0.0,1.675,16.475,59.075
2026-01-04 04:00:00+00:00,60.55,,62.725,3.95,6.375,0.0,0.8,0.0,0.0,1.725,16.5,48.775
2026-01-04 05:00:00+00:00,62.4,,62.074999999999996,4.0,64.25,0.0,0.75,0.0,0.0,4.675,16.2,50.15
2026-01-04 06:00:00+00:00,64.375,,60.475,4.0,99.675,0.0,0.7,0.0,0.0,12.35,16.975,47.525
2026-01-04 07:00:00+00:00,66.0,,62.9,4.0,129.95,0.0,0.7,0.0,0.0,6.699999999999999,16.975,48.8
2026-01-04 08:00:00+00:00,65.6,,63.25,4.0,138.275,0.0,0.725,0.0,0.0,10.925,17.025,49.075
2026-01-04 09:00:00+00:00,65.975,,64.02499999999999,3.725,174.95,0.0,0.8,0.0,0.625,14.149999999999999,17.1,46.525
2026-01-04 10:00:00+00:00,66.45,,63.875,3.425,171.275,0.0,0.8,0.0,0.9,8.825,17.15,48.375
2026-01-04 11:00:00+00:00,67.275,,64.425,3.4,218.0,0.0,0.8,0.0,0.9,5.725,17.125,42.175
2026-01-04 12:00:00+00:00,67.05,,62.55,4.825,218.075,0.0,0.8,0.0,0.9,4.05,16.599999999999998,42.15
2026-01-04 13:00:00+00:00,65.225,,60.15,7.125,221.275,0.0,0.8,0.0,0.9,4.175,16.575000000000003,45.224999999999994
2026-01-04 14:00:00+00:00,63.375,,63.175000000000004,7.2,215.175,0.0,0.8,0.0,0.9,1.425,16.9,49.099999999999994
2026-01-04 15:00:00+00:00,62.3,,61.775,6.15,171.075,0.0,0.8,0.0,0.9,1.25,17.175,48.525
2026-01-04 16:00:00+00:00,61.275,,59.675,5.6,151.45,0.0,0.8,0.0,0.9,1.05,17.375,51.1
2026-01-04 17:00:00+00:00,63.05,,61.25,5.45,186.275,0.0,0.8,0.0,0.9,8.225,17.175,53.925
2026-01-04 18:00:00+00:00,64.3,,60.15,5.4,170.75,0.0,0.8,0.0,0.9,4.475,17.475,54.9
2026-01-04 19:00:00+00:00,63.425,,60.525,5.4,160.4,0.0,0.8,0.0,0.9,0.35,17.05,60.675
2026-01-04 20:00:00+00:00,63.95,,60.825,5.4,132.975,0.0,0.8,0.0,0.9,0.425,16.7,65.625
2026-01-04 21:00:00+00:00,64.025,,59.35,5.025,136.525,0.0,0.8,0.0,0.9,1.025,16.325,67.675
2026-01-04 22:00:00+00:00,71.75,,59.375,5.0,200.65,0.0,0.8,0.0,0.9,4.7250000000000005,16.15,75.975
2026-01-04 23:00:00+00:00,71.075,,58.675,5.0,189.825,0.0,0.8,0.0,0.9,1.05,16.525,88.5
2026-01-05 00:00:00+00:00,74.6,,60.25,5.0,199.275,0.0,0.8,0.0,0.9,3.275,16.425,118.625
2026-01-05 01:00:00+00:00,76.575,,58.575,5.0,215.35,0.0,0.8,0.0,0.9,0.525,16.675,149.85
2026-01-05 02:00:00+00:00,75.325,,59.475,5.0,232.375,0.0,0.8,0.0,0.9,1.725,16.775,144.075
2026-01-05 03:00:00+00:00,77.175,,59.75,5.1,282.275,0.0,0.8,0.0,0.9,11.025,16.75,136.025
2026-01-05 04:00:00+00:00,68.9,,56.875,5.2,276.675,0.0,0.8,0.0,0.9,3.55,11.2,139.075
2026-01-05 05:00:00+00:00,68.95,,56.975,5.225,303.925,0.0,0.8,0.0,0.9,3.5999999999999996,8.825,145.275
2026-01-05 06:00:00+00:00,75.3,,57.0,5.475,302.025,0.0,0.8,0.0,0.9,4.55,16.9,144.6
2026-01-05 07:00:00+00:00,81.875,,59.125,4.75,370.75,0.0,0.8,0.0,0.9,9.825,16.75,139.5
2026-01-05 08:00:00+00:00,88.85,,58.5,4.925,405.775,0.0,0.8,0.0,0.9,13.175,16.1,104.775
2026-01-05 09:00:00+00:00,91.975,,58.125,6.025,428.05,0.0,0.8,0.0,0.9,22.55,15.649999999999999,85.9
2026-01-05 10:00:00+00:00,91.725,,60.3,6.0,423.125,0.0,0.8,0.0,0.9,16.0,14.25,61.45
2026-01-05 11:00:00+00:00,87.925,,59.225,6.0,413.225,0.0,0.8,0.0,0.9,7.025,13.600000000000001,41.725
2026-01-05 12:00:00+00:00,87.0,,59.7,6.475,434.725,0.0,0.8,0.0,0.9,1.7,10.575,52.775
2026-01-05 13:00:00+00:00,88.55,,55.575,7.8,471.825,0.0,0.8,0.0,0.9,11.975,13.25,87.1
2026-01-05 14:00:00+00:00,89.4,,54.775,7.725,487.75,0.0,0.75,0.0,0.9,4.425,14.825,123.6
2026-01-05 15:00:00+00:00,92.75,,55.85,7.575,501.25,0.0,0.7,0.0,0.9,5.725,14.525,151.975
2026-01-05 16:00:00+00:00,90.625,,55.6,3.525,472.475,0.0,0.7,0.0,0.9,3.2,14.775,194.025
2026-01-05 17:00:00+00:00,87.9,,53.175,7.5,481.275,0.0,0.7,0.0,0.9,0.8,15.15,217.875
2026-01-05 18:00:00+00:00,85.125,,52.3,6.3,478.7,0.0,0.7,0.0,0.9,0.35,15.75,201.15
2026-01-05 19:00:00+00:00,83.6,,53.35,5.8,442.9,0.0,0.7,0.0,0.9,0.225,15.3,198.075
2026-01-05 20:00:00+00:00,85.89999999999999,,53.2,5.7,463.8,0.0,0.7,0.0,0.9,1.9,14.825,219.05
2026-01-05 21:00:00+00:00,86.05,,53.55,3.05,490.4,0.0,0.7,0.0,0.9,4.074999999999999,14.975,185.925
2026-01-05 22:00:00+00:00,93.35,,54.125,5.1,535.525,0.0,0.7,0.0,0.9,3.025,15.125,193.15
2026-01-05 23:00:00+00:00,90.2,,55.75,5.9,490.55,0.0,0.7,0.0,0.9,3.0250000000000004,14.8,185.4
2026-01-06 00:00:00+00:00,93.4,,56.475,5.875,514.6,0.0,0.7,0.0,0.9,3.025,14.8,236.45
2026-01-06 01:00:00+00:00,96.9,,55.7,5.85,529.5749999999999,0.0,0.7,0.0,0.9,0.7,14.1,292.675
2026-01-06 02:00:00+00:00,93.05,,56.925000000000004,5.9,506.15,0.0,0.7,0.0,0.9,0.25,14.325,318.125
2026-01-06 03:00:00+00:00,93.25,,54.725,6.0,479.275,0.0,0.7,0.0,0.9,0.225,14.225,305.35
2026-01-06 04:00:00+00:00,92.75,,54.275,6.0,460.125,0.0,0.7,0.0,0.9,0.775,13.575,289.95
2026-01-06 05:00:00+00:00,95.55,,52.025,5.875,496.6,0.0,0.7,0.0,0.9,3.5,13.075,298.625
2026-01-06 06:00:00+00:00,94.475,,52.275,7.15,492.775,0.0,0.7,0.0,0.9,1.85,14.925,296.45
2026-01-06 07:00:00+00:00,96.65,,52.825,7.5,542.4,0.0,0.7,0.0,0.9,5.75,16.1,295.6
2026-01-06 08:00:00+00:00,96.42500000000001,,52.425,7.425000000000001,548.075,0.0,0.7,0.0,0.9,12.950000000000001,15.5,234.3
2026-01-06 09:00:00+00:00,96.1,,33.525,6.075,547.1,0.0,0.7,0.0,0.9,10.15,15.925,195.1
2026-01-06 10:00:00+00:00,95.975,,33.825,5.5,544.2,0.0,0.7,0.0,0.9,6.75,15.25,157.05
2026-01-06 11:00:00+00:00,96.0,,34.675,5.4,547.2,0.0,0.7,0.0,0.9,3.025,15.3,150.175
2026-01-06 12:00:00+00:00,94.8,,36.0,5.275,546.0,0.0,0.7,0.0,0.9,0.6499999999999999,15.675,145.05
2026-01-06 13:00:00+00:00,93.525,,35.475,5.2,544.675,0.0,0.7,0.0,0.9,1.5,15.7,172.7
2026-01-06 14:00:00+00:00,92.225,,34.8,5.6,535.625,0.0,0.7,0.0,0.9,2.775,16.349999999999998,161.2
2026-01-06 15:00:00+00:00,93.575,,34.875,6.625,547.475,0.0,0.7,0.0,0.9,0.625,16.275,162.35
2026-01-06 16:00:00+00:00,93.0,,33.775,5.55,547.175,0.0,0.7,0.0,0.9,1.35,16.425,160.15
2026-01-06 17:00:00+00:00,91.85,,45.55,5.45,502.5,0.0,0.7,0.0,0.9,0.275,16.5,140.275
2026-01-06 18:00:00+00:00,90.275,,54.975,5.4,475.15,0.0,0.725,0.0,0.9,0.275,16.625,136.15
2026-01-06 19:00:00+00:00,88.275,,56.875,5.325,436.29999999999995,0.0,0.8,0.0,0.9,0.25,16.4,149.075
2026-01-06 20:00:00+00:00,84.05,,58.3,4.775,381.42499999999995,0.0,0.8,0.0,0.275,1.35,16.075,156.3
2026-01-06 21:00:00+00:00,83.7,,60.800000000000004,4.425000000000001,400.45,0.0,0.8,0.0,0.0,2.025,15.775,155.4
2026-01-06 22:00:00+00:00,85.4,,62.5,4.4,397.55,0.0,0.8,0.0,0.0,2.875,16.375,145.775
2026-01-06 23:00:00+00:00,85.1,,64.725,4.4,401.625,0.0,0.8,0.0,0.0,5.0,16.45,118.57499999999999
2026-01-07 00:00:00+00:00,86.5,,62.35,4.4,381.15,0.0,0.8,0.0,0.0,1.525,16.4,
2026-01-07 01:00:00+00:00,86.25,,62.1,4.4,345.375,0.0,0.8,0.0,0.0,0.225,16.375,95.7
2026-01-07 02:00:00+00:00,84.6,,64.525,4.4,346.4,0.0,0.8,0.0,0.0,1.25,16.3,79.175
2026-01-07 03:00:00+00:00,88.35,,62.875,4.425000000000001,410.725,0.0,0.8,0.0,0.65,2.3,15.75,44.825
2026-01-07 04:00:00+00:00,92.22500000000001,,62.75,5.6,473.525,0.0,0.8,0.0,0.9,0.525,14.35,30.65
2026-01-07 05:00:00+00:00,96.3,,60.575,6.025,534.45,0.0,0.8,0.0,0.9,7.425,13.75,25.175
2026-01-07 06:00:00+00:00,95.725,,61.625,6.0,536.225,0.0,0.8,0.0,0.9,10.75,14.6,15.024999999999999
2026-01-07 07:00:00+00:00,95.475,,62.55,3.45,544.2,0.0,0.8,0.0,0.9,11.975,15.4,8.425
2026-01-07 08:00:00+00:00,96.15,,64.775,5.9,542.0250000000001,0.0,0.8,0.0,0.9,16.325,15.475,4.175
2026-01-07 09:00:00+00:00,96.325,,63.199999999999996,7.7,543.15,0.0,0.8,0.0,0.9,11.925,15.1,1.1
2026-01-07 10:00:00+00:00,97.25,,62.5,6.7,545.5,0.0,0.8,0.0,0.9,8.925,15.5,0.8
2026-01-07 11:00:00+00:00,97.6,,65.65,3.5,545.25,0.0,0.8,0.0,0.9,6.25,15.575,1.7000000000000002
2026-01-07 12:00:00+00:00,99.225,,65.775,3.5,550.3,0.0,0.8,0.0,0.9,8.275,15.35,3.65
2026-01-07 13:00:00+00:00,99.9,,65.575,6.5,562.525,0.0,0.8,0.0,0.9,6.3500000000000005,15.05,11.575
2026-01-07 14:00:00+00:00,100.14999999999999,,67.55,0.8,581.4,0.0,0.8,0.0,0.9,3.5250000000000004,15.85,27.3
2026-01-07 15:00:00+00:00,100.15,,67.1,7.1,602.3499999999999,0.0,0.8,0.0,0.9,1.575,15.95,40.3
2026-01-07 16:00:00+00:00,100.2,,66.75,7.7,609.95,0.0,0.8,0.0,0.9,1.225,16.275,46.025000000000006
2026-01-07 17:00:00+00:00,98.9,,64.85,7.7,599.8,0.0,0.8,0.0,0.9,1.0,16.4,28.6
2026-01-07 18:00:00+00:00,96.2,,65.875,7.7,556.825,0.0,0.8,0.0,0.9,0.375,16.45,30.875
2026-01-07 19:00:00+00:00,93.25,,64.25,6.5,514.0,0.0,0.8,0.0,0.9,4.05,16.525,38.3
2026-01-07 20:00:00+00:00,88.975,,66.125,5.85,449.0,0.0,0.8,0.0,0.9,0.85,16.3,44.075
2026-01-07 21:00:00+00:00,89.75,,65.7,5.5,459.4,0.0,0.8,0.0,0.9,0.6,16.325,47.625
2026-01-07 22:00:00+00:00,83.075,,65.575,5.5,351.85,0.0,0.8,0.0,0.9,1.75,16.25,52.05
2026-01-07 23:00:00+00:00,81.3,,66.725,5.5,346.65,0.0,0.8,0.0,0.9,2.475,16.325,63.55
2026-01-08 00:00:00+00:00,82.525,,65.6,5.5,345.575,0.0,0.8,0.0,0.9,2.7750000000000004,16.349999999999998,79.69999999999999
2026-01-08 01:00:00+00:00,83.1,,66.3,5.5,339.525,0.0,0.8,0.0,0.9,2.15,16.45,73.69999999999999
2026-01-08 02:00:00+00:00,83.55000000000001,,65.025,5.575,344.625,0.0,0.8,0.0,0.9,0.2,16.45,73.025
2026-01-08 03:00:00+00:00,88.1,,65.0,7.5,414.825,0.0,0.8,0.0,0.9,4.2,16.0,58.975
2026-01-08 04:00:00+00:00,88.625,,66.525,7.55,424.1,0.0,0.8,0.0,0.9,0.7,14.675,58.75
2026-01-08 05:00:00+00:00,92.325,,65.05,7.7,483.75,0.0,0.8,0.0,0.9,7.7,14.725,69.225
2026-01-08 06:00:00+00:00,93.35,,65.55,7.7,551.375,0.0,0.8,0.0,0.9,9.55,15.125,82.875
2026-01-08 07:00:00+00:00,94.4,,67.5,7.75,556.9,0.0,0.8,0.0,0.9,5.275,15.55,108.05
2026-01-08 08:00:00+00:00,94.85,,61.85,7.7,572.05,0.0,0.8,0.0,0.9,7.775,15.0,124.525
2026-01-08 09:00:00+00:00,95.2,,55.1,7.7,583.3249999999999,0.0,0.8,0.0,0.9,13.525,15.2,100.5
2026-01-08 10:00:00+00:00,96.575,,56.125,7.7,649.05,0.0,0.8,0.0,0.9,6.3,15.375,80.57499999999999
2026-01-08 11:00:00+00:00,96.875,,64.2,7.7,668.75,0.0,0.8,0.0,0.9,3.4,15.15,77.975
2026-01-08 12:00:00+00:00,97.25,,66.1,7.7,676.525,0.0,0.75,0.0,0.9,2.725,14.725,88.625
2026-01-08 13:00:00+00:00,94.5,,65.975,7.7,660.8,0.0,0.7,0.0,0.9,3.55,14.1,129.8
2026-01-08 14:00:00+00:00,94.55,,65.975,7.7,622.375,0.0,0.7,0.0,0.9,2.875,15.175,134.25
2026-01-08 15:00:00+00:00,94.0,,65.75,7.7,558.6,0.0,0.7,0.0,0.9,4.0,16.025,139.825
2026-01-08 16:00:00+00:00,90.1,,66.075,7.35,530.725,0.0,0.7,0.0,0.9,0.65,16.85,141.9
2026-01-08 17:00:00+00:00,89.775,,66.72500000000001,6.0,510.325,0.0,0.7,0.0,0.9,5.0,16.85,154.475
2026-01-08 18:00:00+00:00,89.925,,65.0,5.975,456.525,0.0,0.7,0.0,0.9,6.025,16.6,136.2
2026-01-08 19:00:00+00:00,88.9,,64.85,6.0,435.725,0.0,0.7,0.0,0.9,0.8500000000000001,16.424999999999997,174.325
2026-01-08 20:00:00+00:00,85.52499999999999,,63.95,6.0,402.675,0.0,0.7,0.0,0.9,0.525,15.775,208.45
2026-01-08 21:00:00+00:00,83.925,,63.099999999999994,5.85,408.575,0.0,0.75,0.0,0.9,1.825,15.575000000000001,241.625
2026-01-08 22:00:00+00:00,84.5,,62.875,4.9,403.07500000000005,0.0,0.8,0.0,0.9,4.125,16.05,331.625
2026-01-08 23:00:00+00:00,82.15,,62.125,4.699999999999999,389.975,0.0,0.8,0.0,0.9,0.5,16.475,335.3
2026-01-09 00:00:00+00:00,83.325,,62.224999999999994,4.6,390.825,0.0,0.8,0.0,0.9,1.9500000000000002,16.575000000000003,338.75
2026-01-09 01:00:00+00:00,84.25,,62.9,4.6,393.375,0.0,0.8,0.0,0.9,0.5,16.45,389.6
2026-01-09 02:00:00+00:00,85.025,,63.35,5.4,396.35,0.0,0.8,0.0,0.9,0.9,16.475,402.6
2026-01-09 03:00:00+00:00,86.625,,64.82499999999999,6.0,413.9,0.0,0.8,0.0,0.9,0.675,16.35,426.275
2026-01-09 04:00:00+00:00,87.5,,65.85,6.025,429.9,0.0,0.8,0.0,0.9,2.725,16.175,452.275
2026-01-09 05:00:00+00:00,87.975,,65.675,7.525,417.025,0.0,0.8,0.0,0.9,11.325,15.85,452.7
2026-01-09 06:00:00+00:00,86.9,,65.77499999999999,7.8,407.325,0.0,0.8,0.0,0.9,9.7,16.775,466.875
2026-01-09 07:00:00+00:00,83.65,,65.27499999999999,7.875,193.475,0.0,0.8,0.0,0.9,13.25,16.5,462.975
2026-01-09 08:00:00+00:00,83.125,,64.95,6.875,190.875,0.0,0.8,0.0,0.9,11.125,16.85,462.025
2026-01-09 09:00:00+00:00,83.675,,64.7,6.7,193.9,0.0,0.8,0.0,0.9,16.65,16.5,466.1
2026-01-09 10:00:00+00:00,83.475,,64.475,5.925,203.0,0.0,0.8,0.0,0.9,9.975,16.525,484.0
2026-01-09 11:00:00+00:00,83.35,,64.575,5.0,219.925,0.0,0.8,0.0,0.9,4.95,16.8,472.325
2026-01-09 12:00:00+00:00,83.825,,64.4,6.15,243.275,0.0,0.8,0.0,0.9,1.225,16.0,478.9
2026-01-09 13:00:00+00:00,84.125,,64.2,6.5,245.45,0.0,0.8,0.0,0.9,1.525,15.899999999999999,528.775
2026-01-09 14:00:00+00:00,83.525,,62.05,6.2,251.375,0.0,0.75,0.0,0.9,2.55,16.2,531.0
2026-01-09 15:00:00+00:00,82.95,,64.2,6.2,255.125,0.0,0.7,0.0,0.9,1.8,17.0,524.525
2026-01-09 16:00:00+00:00,86.19999999999999,,65.275,6.175,297.8,0.0,0.7,0.0,0.9,1.425,17.325,498.425
2026-01-09 17:00:00+00:00,87.65,,64.675,5.825,247.175,0.0,0.7,0.0,0.9,3.875,17.35,495.075
2026-01-09 18:00:00+00:00,86.25,,65.825,5.8,226.525,0.0,0.7,0.0,0.9,0.85,17.175,535.625
2026-01-09 19:00:00+00:00,80.675,,65.375,5.8,217.425,0.0,0.7,0.0,0.9,0.925,17.15,551.425
2026-01-09 20:00:00+00:00,77.7,,64.45,5.3,202.05,0.0,0.7,0.0,0.9,0.7250000000000001,16.3,529.625
2026-01-09 21:00:00+00:00,73.42500000000001,,64.35,4.95,188.875,0.0,0.7,0.0,0.9,0.775,16.025,521.2
2026-01-09 22:00:00+00:00,71.45,,63.925,4.6,179.35,0.0,0.7,0.0,0.9,3.85,16.375,532.625
2026-01-09 23:00:00+00:00,71.7,,64.85,4.6,180.025,0.0,0.7,0.0,0.9,0.95,16.6,544.85
2026-01-10 00:00:00+00:00,72.275,,65.0,4.6,182.0,0.0,0.7,0.0,0.9,3.725,16.525,567.3
2026-01-10 01:00:00+00:00,71.875,,63.925,4.6,182.125,0.0,0.7,0.0,0.9,1.65,16.65,575.375
2026-01-10 02:00:00+00:00,72.625,,62.625,4.6,180.35,0.0,0.7,0.0,0.9,3.65,16.575000000000003,568.275
2026-01-10 03:00:00+00:00,76.525,,62.1,4.6,148.025,0.0,0.7,0.0,0.9,3.775,16.6,563.85
2026-01-10 04:00:00+00:00,76.125,,60.9,4.6,137.65,0.0,0.7,0.0,0.9,2.6500000000000004,16.5,560.825
2026-01-10 05:00:00+00:00,78.5,,62.2,4.6,153.925,0.0,0.7,0.0,0.9,1.175,16.5,560.2
2026-01-10 06:00:00+00:00,79.14999999999999,,62.025,4.6,155.25,0.0,0.7,0.0,0.9,9.25,17.225,536.35
2026-01-10 07:00:00+00:00,80.3,,63.15,4.525,155.5,0.0,0.7,0.0,0.9,10.675,17.375,525.975
2026-01-10 08:00:00+00:00,78.35,,62.6,4.5,182.05,0.0,0.7,0.0,0.9,13.875,17.15,483.525
2026-01-10 09:00:00+00:00,75.1,,62.375,4.5,189.375,0.0,0.75,0.0,0.9,7.825,17.15,464.65
2026-01-10 10:00:00+00:00,76.125,,62.199999999999996,4.5,185.125,0.0,0.8,0.0,0.9,5.75,17.375,455.15
2026-01-10 11:00:00+00:00,76.525,,61.95,4.5,189.85,0.0,0.8,0.0,0.9,5.325,17.1,467.9
2026-01-10 12:00:00+00:00,79.475,,60.85,4.5,200.675,0.0,0.8,0.0,0.9,5.825,16.325,446.8
2026-01-10 13:00:00+00:00,81.15,,61.7,4.5,229.5,0.0,0.8,0.0,0.9,3.425,16.1,350.3
2026-01-10 14:00:00+00:00,83.05,,61.075,4.55,229.025,0.0,0.8,0.0,0.9,3.1,16.5,295.625
2026-01-10 15:00:00+00:00,82.35,,60.1,4.7,227.05,0.0,0.8,0.0,0.9,1.55,15.675,367.675
2026-01-10 16:00:00+00:00,81.625,,62.55,4.6,218.72500000000002,0.0,0.8,0.0,0.9,0.8999999999999999,15.3,330.675
2026-01-10 17:00:00+00:00,83.525,,63.0,4.55,228.15,0.0,0.8,0.0,0.9,11.274999999999999,15.35,318.775
2026-01-10 18:00:00+00:00,82.375,,62.675000000000004,4.175,234.975,0.0,0.8,0.0,0.9,10.25,15.575,301.375
2026-01-10 19:00:00+00:00,83.2,,64.125,4.2,227.875,0.0,0.8,0.0,0.9,5.074999999999999,15.6,284.25
2026-01-10 20:00:00+00:00,83.225,,65.25,4.1,209.675,0.0,0.8,0.0,0.9,4.7,14.8,275.175
2026-01-10 21:00:00+00:00,82.925,,64.2,4.025,179.1,0.0,0.8,0.0,0.9,1.05,14.6,285.15
2026-01-10 22:00:00+00:00,76.825,,62.625,4.05,168.9,0.0,0.8,0.0,0.9,0.525,15.25,248.32500000000002
2026-01-10 23:00:00+00:00,78.975,,62.85,4.1,187.975,0.0,0.8,0.0,0.9,4.35,15.55,216.625
2026-01-11 00:00:00+00:00,83.45,,62.45,4.1,203.55,0.0,0.8,0.0,0.9,10.775,15.65,201.95
2026-01-11 01:00:00+00:00,82.625,,61.525,4.45,196.04999999999998,0.0,0.8,0.0,0.9,1.0,15.65,210.8
2026-01-11 02:00:00+00:00,82.025,,60.975,4.5,193.0,0.0,0.7,0.0,0.9,0.8500000000000001,15.425,182.95
2026-01-11 03:00:00+00:00,82.95,,62.575,4.5,195.425,0.0,0.7,0.0,0.9,1.325,15.55,183.475
2026-01-11 04:00:00+00:00,81.55,,61.125,4.5,188.625,0.0,0.7,0.0,0.9,0.4,14.9,149.175
2026-01-11 05:00:00+00:00,80.8,,61.95,4.6,186.6,0.0,0.7,0.0,0.9,0.275,14.475,168.25
2026-01-11 06:00:00+00:00,83.55,,62.65,4.6,193.675,0.0,0.7,0.0,0.9,2.675,15.25,168.325
2026-01-11 07:00:00+00:00,88.05,,60.05,4.6,214.02499999999998,0.0,0.7,0.0,0.9,14.35,15.6,144.575
2026-01-11 08:00:00+00:00,84.975,,62.0,4.6,225.5,0.0,0.7,0.0,0.9,9.5,15.475,131.025
2026-01-11 09:00:00+00:00,88.475,,62.8,5.025,262.025,0.0,0.7,0.0,0.9,8.15,15.65,117.825
2026-01-11 10:00:00+00:00,87.4,,62.425,7.15,281.225,0.0,0.7,0.0,0.9,6.975,15.675,118.8
2026-01-11 11:00:00+00:00,89.10000000000001,,62.45,7.7,290.325,0.0,0.7,0.0,0.9,4.6,16.025,136.35
2026-01-11 12:00:00+00:00,90.575,,63.575,7.7,306.225,0.0,0.7,0.0,0.9,1.85,15.825,157.675
2026-01-11 13:00:00+00:00,89.65,,62.65,7.7,296.8,0.0,0.75,0.0,0.9,5.05,15.9,171.325
2026-01-11 14:00:00+00:00,89.95,,62.825,7.7,295.8,0.0,0.8,0.0,0.9,5.0,15.875,172.775
2026-01-11 15:00:00+00:00,84.8,,61.175,7.7,278.075,0.0,0.8,0.0,0.9,1.475,16.125,150.925
2026-01-11 16:00:00+00:00,80.85,,61.375,7.7,273.875,0.0,0.8,0.0,0.9,1.325,16.225,116.65
2026-01-11 17:00:00+00:00,82.575,,62.55,7.7,286.4,0.0,0.8,0.0,0.9,2.225,16.225,114.475
2026-01-11 18:00:00+00:00,84.35,,62.2,7.7,307.0,0.0,0.8,0.0,0.9,11.775,16.15,136.975
2026-01-11 19:00:00+00:00,84.275,,62.75,6.85,320.45,0.0,0.8,0.0,0.9,1.9000000000000001,16.125,134.4
2026-01-11 20:00:00+00:00,84.5,,61.925,5.125,325.55,0.0,0.8,0.0,0.9,1.15,15.75,108.6
2026-01-11 21:00:00+00:00,85.525,,61.475,5.0,325.075,0.0,0.8,0.0,0.9,1.15,15.399999999999999,96.6
2026-01-11 22:00:00+00:00,84.475,,60.2,5.0,342.9,0.0,0.8,0.0,0.9,1.05,15.825,79.15
2026-01-11 23:00:00+00:00,84.1,,60.35,5.0,361.575,0.0,0.8,0.0,0.9,0.825,15.175,55.525
2026-01-12 00:00:00+00:00,84.925,,62.05,5.0,418.125,0.0,0.8,0.0,0.9,2.35,15.174999999999999,45.45
2026-01-12 01:00:00+00:00,86.375,,59.925,5.0,431.5,0.0,0.8,0.0,0.9,1.25,15.149999999999999,41.5
2026-01-12 02:00:00+00:00,83.85,,61.2,5.025,412.85,0.0,0.8,0.0,0.9,5.2250000000000005,15.275,34.825
2026-01-12 03:00:00+00:00,84.325,,61.15,5.85,415.525,0.0,0.8,0.0,0.9,0.725,15.075,48.35
2026-01-12 04:00:00+00:00,92.325,,60.85,7.025,481.9,0.0,0.8,0.0,0.9,4.2,14.325,59.325
2026-01-12 05:00:00+00:00,96.8,,60.875,7.8,600.6500000000001,0.0,0.8,0.0,0.9,8.525,14.025,68.525
2026-01-12 06:00:00+00:00,97.025,,60.9,7.8,632.4,0.0,0.8,0.0,0.9,8.975,14.475000000000001,70.975
2026-01-12 07:00:00+00:00,97.575,,63.45,7.8,646.95,0.0,0.8,0.0,0.9,10.4,15.5,72.725
2026-01-12 08:00:00+00:00,97.05,,64.2,7.8,670.175,0.0,0.8,0.0,0.9,14.825,15.75,62.975
2026-01-12 09:00:00+00:00,97.175,,64.225,7.8,708.95,0.0,0.8,0.0,0.9,11.925,15.55,53.775
2026-01-12 10:00:00+00:00,96.425,,62.25,7.8,709.725,0.0,0.8,0.0,0.9,10.0,15.6,51.425
2026-01-12 11:00:00+00:00,95.775,,62.45,7.8,717.65,0.0,0.8,0.0,0.9,7.375,15.625,44.15
2026-01-12 12:00:00+00:00,95.75,,63.65,7.8,724.175,0.0,0.8,0.0,0.9,5.8500000000000005,15.325,32.725
2026-01-12 13:00:00+00:00,93.975,,61.875,7.8,706.475,0.0,0.8,0.0,0.9,0.875,14.975,37.425
2026-01-12 14:00:00+00:00,94.875,,62.75,7.8,616.6,0.0,0.8,0.0,0.9,1.25,15.575,60.075
2026-01-12 15:00:00+00:00,96.525,,62.175000000000004,7.8,613.775,0.0,0.8,0.0,0.9,1.725,15.925,69.675
2026-01-12 16:00:00+00:00,97.075,,62.775,7.8,622.075,0.0,0.8,0.0,0.9,3.8499999999999996,16.275,76.275
2026-01-12 17:00:00+00:00,95.67500000000001,,61.175,7.75,620.625,0.0,0.75,0.0,0.9,0.7,16.125,59.025
2026-01-12 18:00:00+00:00,94.5,,58.925,7.775,616.275,0.0,0.7,0.0,0.9,1.75,16.05,72.225
2026-01-12 19:00:00+00:00,90.8,,58.0,7.775,598.475,0.0,0.7,0.0,0.9,0.725,16.2,50.0
2026-01-12 20:00:00+00:00,87.65,,55.025,6.55,530.35,0.0,0.7,0.0,0.9,0.625,15.7,52.625
2026-01-12 21:00:00+00:00,85.575,,55.175,5.75,483.25,0.0,0.7,0.0,0.9,0.25,15.5,76.075
2026-01-12 22:00:00+00:00,82.3,,55.975,5.175,473.95,0.0,0.7,0.0,0.9,0.525,15.975000000000001,57.349999999999994
2026-01-12 23:00:00+00:00,81.95,,57.275,5.0,476.95,0.0,0.7,0.0,0.9,4.375,16.15,45.025
2026-01-13 00:00:00+00:00,82.95,,58.5,5.0,476.475,0.0,0.7,0.0,0.9,1.3499999999999999,15.6,46.575
2026-01-13 01:00:00+00:00,82.95,,57.175,5.0,479.9,0.0,0.7,0.0,0.9,0.825,14.825,41.675
2026-01-13 02:00:00+00:00,82.05,,58.625,4.975,482.775,0.0,0.7,0.0,0.9,3.875,14.225,37.525
2026-01-13 03:00:00+00:00,84.3,,58.325,4.8,495.2,0.0,0.7,0.0,0.9,3.5,14.0,40.925
2026-01-13 04:00:00+00:00,87.275,,57.725,6.625,570.675,0.0,0.7,0.0,0.9,8.55,13.825,67.725
2026-01-13 05:00:00+00:00,89.7,,60.5,7.7,691.9,0.0,0.7,0.0,0.9,3.6,14.3,63.550000000000004
2026-01-13 06:00:00+00:00,87.725,,59.8,7.7,670.925,0.0,0.7,0.0,0.9,10.025,15.25,79.725
2026-01-13 07:00:00+00:00,88.6,,60.175,7.7,666.8,0.0,0.7,0.0,0.9,6.675,15.525,73.025
2026-01-13 08:00:00+00:00,87.325,,58.9,7.7,665.8,0.0,0.7,0.0,0.9,17.375,16.3,80.375
2026-01-13 09:00:00+00:00,86.725,,59.375,7.7,657.95,0.0,0.7,0.0,0.9,18.375,16.225,39.9
2026-01-13 10:00:00+00:00,87.1,,60.5,7.7,653.35,0.0,0.7,0.0,0.9,14.4,16.275,17.95
2026-01-13 11:00:00+00:00,86.825,,60.400000000000006,7.7,638.375,0.0,0.7,0.0,0.9,12.575000000000001,16.125,9.725000000000001
2026-01-13 12:00:00+00:00,86.825,,61.2,7.7,656.975,0.0,0.7,0.0,0.9,4.675,15.75,8.05
2026-01-13 13:00:00+00:00,85.7,,60.85,7.7,674.675,0.0,0.7,0.0,0.9,5.35,15.675,24.825
2026-01-13 14:00:00+00:00,85.825,,60.55,7.675,644.75,0.0,0.7,0.0,0.9,1.825,15.775,23.575
2026-01-13 15:00:00+00:00,90.975,,59.9,7.6,701.225,0.0,0.725,0.0,0.9,1.4,16.4,28.700000000000003
2026-01-13 16:00:00+00:00,90.25,,60.625,7.6,714.25,0.0,0.775,0.0,0.9,1.3,16.2,31.375
2026-01-13 17:00:00+00:00,84.875,,61.45,7.6,610.75,0.0,0.7,0.0,0.9,1.05,16.25,35.6
2026-01-13 18:00:00+00:00,81.475,,62.375,7.6,470.375,0.0,0.7,0.0,0.9,5.025,16.2,38.925
2026-01-13 19:00:00+00:00,78.125,,61.65,7.574999999999999,381.575,0.0,0.7,0.0,0.9,3.525,16.125,46.4
2026-01-13 20:00:00+00:00,79.275,,61.5,6.825,307.25,0.0,0.7,0.0,0.9,5.25,15.675,39.375
2026-01-13 21:00:00+00:00,80.775,,62.15,5.9,272.4,0.0,0.7,0.0,0.9,3.4,15.3,31.0
2026-01-13 22:00:00+00:00,76.475,,61.625,5.9,223.1,0.0,0.7,0.0,0.9,5.375,15.875,21.025
2026-01-13 23:00:00+00:00,75.425,,61.7,5.525,209.05,0.0,0.7,0.0,0.9,3.275,16.1,12.85
2026-01-14 00:00:00+00:00,78.025,,63.275,4.95,212.0,0.0,0.7,0.0,0.9,1.1,15.9,10.05
2026-01-14 01:00:00+00:00,78.85,,62.875,4.9,208.925,0.0,0.7,0.0,0.9,1.1,16.025,12.375
2026-01-14 02:00:00+00:00,80.1,,62.475,5.3500000000000005,203.65,0.0,0.7,0.0,0.9,1.225,16.15,16.4
2026-01-14 03:00:00+00:00,82.525,,61.65,2.875,207.025,0.0,0.7,0.0,0.9,11.375,15.925,21.225
2026-01-14 04:00:00+00:00,84.35,,60.825,6.4,217.775,0.0,0.7,0.0,0.9,2.55,15.375,30.075000000000003
2026-01-14 05:00:00+00:00,88.075,,61.825,7.7,268.125,0.0,0.7,0.0,0.9,11.475,15.025,37.974999999999994
2026-01-14 06:00:00+00:00,88.175,,63.0,7.625,285.7,0.0,0.7,0.0,0.9,7.199999999999999,13.4,52.425
2026-01-14 07:00:00+00:00,88.45,,60.75,6.65,294.95,0.0,0.7,0.0,0.9,15.0,15.4,63.875
2026-01-14 08:00:00+00:00,91.675,,62.325,6.025,382.375,0.0,0.7,0.0,0.9,16.175,15.775,64.775
2026-01-14 09:00:00+00:00,92.02499999999999,,61.975,6.125,380.475,0.0,0.7,0.0,0.9,20.575000000000003,15.825,66.75
2026-01-14 10:00:00+00:00,92.225,,58.45,6.1,385.1,0.0,0.7,0.0,0.9,17.025,15.95,65.35
2026-01-14 11:00:00+00:00,92.2,,60.925,6.1,386.15,0.0,0.7,0.0,0.9,8.675,16.025,77.67500000000001
2026-01-14 12:00:00+00:00,89.8,,58.3,6.1,385.1,0.0,0.7,0.0,0.9,3.175,14.825,108.0
2026-01-14 13:00:00+00:00,84.05,,58.925,6.1,342.825,0.0,0.7,0.0,0.9,0.42500000000000004,14.15,136.675
2026-01-14 14:00:00+00:00,84.15,,57.5,6.75,345.9,0.0,0.7,0.0,0.9,1.075,15.3,171.925
2026-01-14 15:00:00+00:00,82.625,,56.55,7.7,309.95,0.0,0.7,0.0,0.9,2.0,16.275,178.425
2026-01-14 16:00:00+00:00,84.975,,55.8,7.7,312.775,0.0,0.7,0.0,0.9,1.8,16.175,174.875
2026-01-14 17:00:00+00:00,88.4,,57.025,6.85,329.4,0.0,0.7,0.0,0.9,1.525,16.075000000000003,169.725
2026-01-14 18:00:00+00:00,87.1,,57.3,5.9,333.05,0.0,0.7,0.0,0.9,1.25,16.125,198.525
2026-01-14 19:00:00+00:00,86.65,,58.75,5.65,338.05,0.0,0.7,0.0,0.9,1.2,16.0,208.925
2026-01-14 20:00:00+00:00,84.35000000000001,,59.2,5.1,330.65,0.0,0.7,0.0,0.9,1.15,16.125,208.475
2026-01-14 21:00:00+00:00,81.525,,58.925,4.875,315.4,0.0,0.7,0.0,0.9,1.0,15.85,220.3
2026-01-14 22:00:00+00:00,80.7,,59.25,4.8,311.55,0.0,0.7,0.0,0.9,1.075,16.2,233.975
2026-01-14 23:00:00+00:00,80.1,,58.2,5.5,309.0,0.0,0.7,0.0,0.9,1.425,16.3,193.025
2026-01-15 00:00:00+00:00,80.1,,58.2,5.025,309.0,0.0,0.7,0.0,0.9,1.1500000000000001,16.3,220.2
2026-01-15 01:00:00+00:00,80.1,,58.2,4.85,309.0,0.0,0.7,0.0,0.9,1.0,16.3,226.55
2026-01-15 02:00:00+00:00,81.1,,57.400000000000006,5.0,309.95,0.0,0.7,0.0,0.9,5.45,16.05,238.52499999999998
2026-01-15 03:00:00+00:00,83.175,,56.1,5.25,319.825,0.0,0.7,0.0,0.9,7.125,15.850000000000001,242.2
2026-01-15 04:00:00+00:00,88.525,,54.75,7.1499999999999995,393.825,0.0,0.7,0.0,0.9,4.25,14.95,256.725
2026-01-15 05:00:00+00:00,91.925,,55.05,7.6,462.775,0.0,0.7,0.0,0.9,10.9,14.475000000000001,253.675
2026-01-15 06:00:00+00:00,90.275,,53.775,7.6,453.75,0.0,0.7,0.0,0.9,7.4,14.625,250.65
2026-01-15 07:00:00+00:00,91.625,,52.475,7.6,465.125,0.0,0.7,0.0,0.9,11.15,14.65,239.05
2026-01-15 08:00:00+00:00,91.25,,47.375,7.6,461.725,0.0,0.7,0.0,0.9,8.175,14.775,224.575
2026-01-15 09:00:00+00:00,91.525,,27.45,7.6,456.0,0.0,0.7,0.0,0.9,9.55,14.625,227.075
2026-01-15 10:00:00+00:00,91.725,,28.375,7.6,462.75,0.0,0.7,0.0,0.9,8.75,14.45,203.55
2026-01-15 11:00:00+00:00,91.775,,33.875,7.6,464.975,0.0,0.7,0.0,0.9,4.625,15.45,180.95
2026-01-15 12:00:00+00:00,91.575,,32.775,7.6,464.3,0.0,0.7,0.0,0.9,1.025,15.05,183.7
2026-01-15 13:00:00+00:00,91.225,,34.375,7.6,457.225,0.0,0.7,0.0,0.9,2.55,14.825,198.225
2026-01-15 14:00:00+00:00,92.225,,35.275,7.6,481.375,0.0,0.7,0.0,0.9,13.350000000000001,15.575,211.95
2026-01-15 15:00:00+00:00,91.625,,34.45,7.6,464.65,0.0,0.7,0.0,0.9,7.975,15.75,204.075
2026-01-15 16:00:00+00:00,90.0,,34.75,7.6,434.275,0.0,0.7,0.0,0.9,0.675,16.15,194.9
2026-01-15 17:00:00+00:00,88.35,,34.45,7.75,362.675,0.0,0.7,0.0,0.9,0.55,15.85,197.35
2026-01-15 18:00:00+00:00,88.95,,33.825,7.699999999999999,371.75,0.0,0.7,0.0,0.9,0.575,15.6,199.9
2026-01-15 19:00:00+00:00,87.4,,35.1,6.5,353.25,0.0,0.7,0.0,0.9,3.5,15.925,214.05
2026-01-15 20:00:00+00:00,85.55,,34.775,5.9,311.15,0.0,0.7,0.0,0.9,0.35,15.475,205.1
2026-01-15 21:00:00+00:00,84.69999999999999,,34.15,5.8,306.35,0.0,0.7,0.0,0.9,0.3,15.275,193.05
2026-01-15 22:00:00+00:00,81.175,,35.4,5.8,269.275,0.0,0.525,0.0,0.9,0.225,15.625,172.075
2026-01-15 23:00:00+00:00,77.575,,35.175,5.675,258.125,0.0,0.3,0.0,0.9,0.6000000000000001,16.125,170.225
2026-01-16 00:00:00+00:00,78.925,,34.8,5.525,254.15,0.0,0.3,0.0,0.9,0.55,16.2,150.15
2026-01-16 01:00:00+00:00,82.525,,34.275,5.45,262.52500000000003,0.0,0.3,0.0,0.9,1.475,16.1,157.875
2026-01-16 02:00:00+00:00,83.325,,32.675,5.35,273.35,0.0,0.3,0.0,0.9,0.425,16.375,159.275
2026-01-16 03:00:00+00:00,80.925,,33.6,5.75,259.05,0.0,0.325,0.0,0.9,0.47500000000000003,16.25,149.025
2026-01-16 04:00:00+00:00,87.6,,32.85,7.775,335.575,0.0,0.4,0.0,0.9,2.575,15.475,155.575
2026-01-16 05:00:00+00:00,90.125,,32.85,7.6,392.525,0.0,0.575,0.0,0.9,15.575,15.225,153.0
2026-01-16 06:00:00+00:00,91.175,,30.575,7.4,430.7,0.0,0.8,0.0,0.9,19.275,15.775,136.25
2026-01-16 07:00:00+00:00,92.675,,27.25,7.4,454.325,0.0,0.8,0.0,0.9,14.4,16.125,135.725
2026-01-16 08:00:00+00:00,91.95,,26.65,7.4,469.35,0.0,0.8,0.0,0.9,17.975,16.125,137.825
2026-01-16 09:00:00+00:00,88.7,,39.35,7.4,433.3,0.0,0.8,0.0,0.9,16.825,16.475,137.25
2026-01-16 10:00:00+00:00,88.475,,46.900000000000006,7.4,403.05,0.0,0.8,0.0,0.9,15.4,16.7,172.05
2026-01-16 11:00:00+00:00,85.525,,52.35,5.7,370.425,0.0,0.8,0.0,0.9,8.825,16.55,190.15
2026-01-16 12:00:00+00:00,85.47500000000001,,54.95,5.6,359.675,0.0,0.8,0.0,0.9,4.2,16.175,232.525
2026-01-16 13:00:00+00:00,84.775,,53.7,6.1,345.7,0.0,0.8,0.0,0.9,1.15,15.525,296.4
2026-01-16 14:00:00+00:00,86.35,,51.425,7.3,367.0,0.0,0.8,0.0,0.9,1.925,16.1,366.9
2026-01-16 15:00:00+00:00,85.25,,51.475,6.525,352.95,0.0,0.8,0.0,0.9,1.65,15.75,376.775
2026-01-16 16:00:00+00:00,86.65,,52.75,5.6,357.25,0.0,0.8,0.0,0.9,10.65,15.7,397.325
2026-01-16 17:00:00+00:00,84.425,,51.875,5.6,321.15,0.0,0.8,0.0,0.9,8.325,15.125,405.825
2026-01-16 18:00:00+00:00,83.325,,54.375,5.6,309.5,0.0,0.8,0.0,0.9,0.45,15.025,395.875
2026-01-16 19:00:00+00:00,82.44999999999999,,55.35,5.6,308.45,0.0,0.8,0.0,0.9,0.25,15.5,393.775
2026-01-16 20:00:00+00:00,80.7,,55.7,5.6,308.775,0.0,0.8,0.0,0.9,2.25,15.525,396.875
2026-01-16 21:00:00+00:00,79.35,,56.6,5.6,307.3,0.0,0.8,0.0,0.9,0.39999999999999997,14.65,433.25
2026-01-16 22:00:00+00:00,80.0,,56.6,5.6,305.875,0.0,0.8,0.0,0.9,1.75,15.075,453.875
2026-01-16 23:00:00+00:00,80.0,,56.825,5.6,304.7,0.0,0.8,0.0,0.9,0.975,15.35,435.55
2026-01-17 00:00:00+00:00,82.325,,57.125,5.6,305.15,0.0,0.8,0.0,0.9,2.25,15.625,370.575
2026-01-17 01:00:00+00:00,83.875,,54.224999999999994,5.6,305.3,0.0,0.8,0.0,0.9,0.8,15.9,389.85
2026-01-17 02:00:00+00:00,81.825,,56.4,5.6,302.04999999999995,0.0,0.8,0.0,0.9,1.025,16.375,360.425
2026-01-17 03:00:00+00:00,82.15,,57.5,5.6,303.45,0.0,0.8,0.0,0.9,1.875,16.25,333.025
2026-01-17 04:00:00+00:00,83.3,,56.4,5.6,306.375,0.0,0.8,0.0,0.9,8.325,15.5,340.025
2026-01-17 05:00:00+00:00,84.575,,56.225,5.6,307.325,0.0,0.8,0.0,0.9,3.6,15.649999999999999,366.55
2026-01-17 06:00:00+00:00,85.7,,55.85,5.675,306.975,0.0,0.8,0.0,0.9,2.95,16.175,302.575
2026-01-17 07:00:00+00:00,85.30000000000001,,56.6,5.775,304.35,0.0,0.8,0.0,0.9,8.6,16.225,264.85
2026-01-17 08:00:00+00:00,85.0,,55.975,5.875,306.29999999999995,0.0,0.8,0.0,0.9,15.625,16.15,259.85
2026-01-17 09:00:00+00:00,84.85,,56.9,5.9,307.025,0.0,0.8,0.0,0.9,21.175,16.025,216.775
2026-01-17 10:00:00+00:00,85.2,,59.925,5.825,307.65,0.0,0.8,0.0,0.9,15.85,16.2,181.2
2026-01-17 11:00:00+00:00,84.925,,59.875,6.025,305.775,0.0,0.8,0.0,0.9,8.674999999999999,15.8,173.35
2026-01-17 12:00:00+00:00,83.42500000000001,,59.9,5.975,305.475,0.0,0.8,0.0,0.9,2.325,15.25,174.125
2026-01-17 13:00:00+00:00,83.275,,60.1,6.074999999999999,305.125,0.0,0.8,0.0,0.9,1.575,15.45,184.35
2026-01-17 14:00:00+00:00,82.35,,61.175,5.925,305.54999999999995,0.0,0.8,0.0,0.9,2.0,15.6,194.375
2026-01-17 15:00:00+00:00,82.25,,60.95,5.775,305.725,0.0,0.8,0.0,0.9,2.1,15.75,154.15
2026-01-17 16:00:00+00:00,81.45,,62.275,6.0,305.55,0.0,0.8,0.0,0.9,3.2,15.75,185.45
2026-01-17 17:00:00+00:00,82.225,,60.825,5.775,307.29999999999995,0.0,0.8,0.0,0.9,2.075,15.899999999999999,195.575
2026-01-17 18:00:00+00:00,82.925,,62.650000000000006,5.375,306.325,0.0,0.8,0.0,0.9,1.775,15.149999999999999,162.175
2026-01-17 19:00:00+00:00,83.15,,63.375,5.0,305.0,0.0,0.8,0.0,0.9,1.875,14.725,133.7
2026-01-17 20:00:00+00:00,82.225,,63.6,5.125,303.625,0.0,0.8,0.0,0.9,1.975,15.0,100.8
2026-01-17 21:00:00+00:00,82.125,,61.875,5.3,306.425,0.0,0.8,0.0,0.9,1.2000000000000002,14.9,78.55
2026-01-17 22:00:00+00:00,83.69999999999999,,62.525,5.3,319.3,0.0,0.8,0.0,0.9,1.1,14.950000000000001,59.199999999999996
2026-01-17 23:00:00+00:00,82.075,,64.35,5.3,321.4,0.0,0.8,0.0,0.9,0.9,14.9,67.975
2026-01-18 00:00:00+00:00,83.8,,64.925,5.45,320.35,0.0,0.8,0.0,0.9,0.7,15.425,76.425
2026-01-18 01:00:00+00:00,88.575,,64.4,5.8,321.25,0.0,0.8,0.0,0.9,1.025,15.9,92.325
2026-01-18 02:00:00+00:00,87.075,,65.45,5.8,322.175,0.0,0.7,0.0,0.9,0.95,16.05,86.9
2026-01-18 03:00:00+00:00,87.125,,64.925,5.8,323.3,0.0,0.7,0.0,0.9,4.4,16.4,109.5
2026-01-18 04:00:00+00:00,86.7,,62.55,5.75,320.55,0.0,0.7,0.0,0.9,1.475,16.475,86.225
2026-01-18 05:00:00+00:00,86.975,,60.9,5.85,323.35,0.0,0.7,0.0,0.9,5.475,16.25,79.60000000000001
2026-01-18 06:00:00+00:00,86.475,,63.625,5.925000000000001,323.4,0.0,0.7,0.0,0.9,3.075,16.725,67.4
2026-01-18 07:00:00+00:00,86.25,,62.849999999999994,5.8,325.325,0.0,0.7,0.0,0.9,9.424999999999999,16.6,38.475
2026-01-18 08:00:00+00:00,85.4,,62.85,5.725,324.3,0.0,0.7,0.0,0.9,11.075,16.575,46.4
2026-01-18 09:00:00+00:00,85.19999999999999,,63.975,5.625,323.675,0.0,0.7,0.0,0.9,11.4,16.7,49.425
2026-01-18 10:00:00+00:00,89.05,,64.475,5.725,352.25,0.0,0.7,0.0,0.9,14.149999999999999,16.75,44.675
2026-01-18 11:00:00+00:00,88.875,,66.15,7.3,364.775,0.0,0.7,0.0,0.9,9.5,16.775,23.4
2026-01-18 12:00:00+00:00,81.975,,65.1,7.3,382.225,0.0,0.7,0.0,0.9,4.9,16.4,13.25
2026-01-18 13:00:00+00:00,80.8,,63.975,7.3,368.875,0.0,0.7,0.0,0.9,4.4,15.925,12.15
2026-01-18 14:00:00+00:00,79.45,,64.45,7.3,367.85,0.0,0.7,0.0,0.9,3.125,16.5,11.75
2026-01-18 15:00:00+00:00,81.575,,64.825,5.675,363.6,0.0,0.7,0.0,0.9,1.05,17.025,19.425
2026-01-18 16:00:00+00:00,84.225,,63.45,5.6,376.725,0.0,0.7,0.0,0.9,1.325,16.5,32.525
2026-01-18 17:00:00+00:00,83.55,,62.65,5.6,371.375,0.0,0.7,0.0,0.9,1.125,16.65,41.575
2026-01-18 18:00:00+00:00,80.075,,63.2,5.6,370.375,0.0,0.7,0.0,0.9,6.1,16.35,38.9
2026-01-18 19:00:00+00:00,77.3,,63.875,5.6,342.85,0.0,0.7,0.0,0.9,0.675,16.425,32.15
2026-01-18 20:00:00+00:00,75.35,,64.725,5.6,322.82500000000005,0.0,0.7,0.0,0.9,0.625,15.5,29.075
2026-01-18 21:00:00+00:00,77.45,,62.599999999999994,5.075,323.07500000000005,0.0,0.7,0.0,0.9,0.3,14.925,30.525
2026-01-18 22:00:00+00:00,81.05,,63.075,5.0,322.7,0.0,0.7,0.0,0.9,1.4,15.525,28.725
2026-01-18 23:00:00+00:00,78.95,,62.3,5.0,321.95,0.0,0.7,0.0,0.9,0.675,15.825,30.3
2026-01-19 00:00:00+00:00,76.85,,61.35,5.0,322.025,0.0,0.7,0.0,0.9,0.25,15.975000000000001,39.3
2026-01-19 01:00:00+00:00,81.175,,62.25,5.0,322.075,0.0,0.7,0.0,0.9,0.35,15.899999999999999,32.775
2026-01-19 02:00:00+00:00,79.4,,60.45,5.0,321.5,0.0,0.7,0.0,0.9,2.475,15.85,24.85
2026-01-19 03:00:00+00:00,79.6,,59.65,5.375,323.675,0.0,0.7,0.0,0.9,2.75,16.0,16.075
2026-01-19 04:00:00+00:00,82.375,,59.625,6.0,348.725,0.0,0.7,0.0,0.9,1.975,15.625,6.325
2026-01-19 05:00:00+00:00,88.35,,59.025000000000006,6.95,359.3,0.0,0.7,0.0,0.9,0.625,15.2,4.4
2026-01-19 06:00:00+00:00,89.975,,57.05,7.8,380.45,0.0,0.7,0.0,0.9,2.225,15.5,2.675
2026-01-19 07:00:00+00:00,89.8,,58.825,7.775,382.325,0.0,0.7,0.0,0.9,10.225,15.575,2.725
2026-01-19 08:00:00+00:00,92.14999999999999,,59.25,7.8,406.875,0.0,0.7,0.0,0.9,14.175,15.9,3.225
2026-01-19 09:00:00+00:00,88.2,,60.824999999999996,7.8,407.2,0.0,0.7,0.0,0.9,16.275,15.8,2.025
2026-01-19 10:00:00+00:00,86.4,,59.55,7.8,413.55,0.0,0.7,0.0,0.9,18.1,15.85,1.25
2026-01-19 11:00:00+00:00,87.925,,59.725,7.8,408.675,0.0,0.7,0.0,0.9,14.4,15.75,1.4
2026-01-19 12:00:00+00:00,88.475,,61.85,7.8,411.525,0.0,0.7,0.0,0.9,10.475000000000001,15.9,1.925
2026-01-19 13:00:00+00:00,90.6,,61.975,7.8,419.375,0.0,0.7,0.0,0.9,4.1,16.125,0.725
2026-01-19 14:00:00+00:00,89.275,,61.075,7.7,409.35,0.0,0.7,0.0,0.9,5.75,16.4,0.875
2026-01-19 15:00:00+00:00,90.425,,61.075,7.7,418.55,0.0,0.7,0.0,0.9,4.25,16.3,0.725
2026-01-19 16:00:00+00:00,88.65,,61.975,7.65,413.775,0.0,0.7,0.0,0.9,1.225,15.525,0.75
2026-01-19 17:00:00+00:00,88.1,,61.925,7.25,402.575,0.0,0.7,0.0,0.9,4.85,14.875,0.7
2026-01-19 18:00:00+00:00,87.075,,62.95,7.2,394.75,0.0,0.7,0.0,0.9,5.55,14.625,0.825
2026-01-19 19:00:00+00:00,85.975,,63.925,6.85,379.425,0.0,0.725,0.0,0.9,1.075,14.3,1.225
2026-01-19 20:00:00+00:00,84.6,,63.4,5.5,385.425,0.0,0.8,0.0,0.9,0.7,13.775,1.6
2026-01-19 21:00:00+00:00,84.75,,60.1,5.5,380.65,0.0,0.75,0.0,0.9,4.675,14.125,1.825
2026-01-19 22:00:00+00:00,89.25,,57.599999999999994,5.5,415.2,0.0,0.7,0.0,0.9,3.3499999999999996,14.775,1.95
2026-01-19 23:00:00+00:00,88.725,,57.35,5.5,424.4,0.0,0.7,0.0,0.9,0.275,14.649999999999999,1.1
2026-01-20 00:00:00+00:00,89.975,,61.6,5.5,427.05,0.0,0.7,0.0,0.9,0.25,14.775,1.15
2026-01-20 01:00:00+00:00,92.95,,62.225,5.5,416.85,0.0,0.7,0.0,0.9,0.6,14.725000000000001,0.3
2026-01-20 02:00:00+00:00,93.875,,58.75,5.5,426.775,0.0,0.7,0.0,0.9,3.175,14.975,0.5
2026-01-20 03:00:00+00:00,94.025,,58.9,5.5,430.05,0.0,0.7,0.0,0.9,3.9,15.5,0.6499999999999999
2026-01-20 04:00:00+00:00,94.4,,59.7,6.35,432.725,0.0,0.7,0.0,0.9,6.875,16.175,0.625
2026-01-20 05:00:00+00:00,94.65,,61.625,7.2,444.025,0.0,0.7,0.0,0.9,5.675,16.425,0.625
2026-01-20 06:00:00+00:00,93.375,,63.225,7.2,452.05,0.0,0.7,0.0,0.9,7.7250000000000005,16.95,0.75
2026-01-20 07:00:00+00:00,93.45,,62.75,7.225,452.975,0.0,0.7,0.0,0.9,23.9,16.725,0.625
2026-01-20 08:00:00+00:00,93.175,,63.85,7.3,451.825,0.0,0.7,0.0,0.9,20.275,16.425,0.75
2026-01-20 09:00:00+00:00,92.725,,64.175,7.3,452.225,0.0,0.7,0.0,0.9,15.5,16.15,0.6
2026-01-20 10:00:00+00:00,93.3,,64.0,7.3,451.55,0.0,0.7,0.0,0.9,14.25,16.35,0.4
2026-01-20 11:00:00+00:00,93.4,,63.225,7.3,447.45,0.0,0.7,0.0,0.9,9.075,16.05,0.225
2026-01-20 12:00:00+00:00,91.85,,61.475,7.3,453.375,0.0,0.7,0.0,0.9,6.7,15.85,0.225
2026-01-20 13:00:00+00:00,91.025,,60.55,7.3,456.725,0.0,0.7,0.0,0.9,3.8,15.55,1.4
2026-01-20 14:00:00+00:00,91.675,,59.8,7.3,499.85,0.0,0.7,0.0,0.9,2.925,15.825,1.65
2026-01-20 15:00:00+00:00,93.425,,63.05,7.3,526.6,0.0,0.7,0.0,0.9,11.475,15.825,1.4
2026-01-20 16:00:00+00:00,88.8,,64.85,7.3,473.175,0.0,0.7,0.0,0.9,1.925,15.7,1.1
2026-01-20 17:00:00+00:00,90.125,,64.75,7.3,454.075,0.0,0.7,0.0,0.9,3.175,15.525,0.425
2026-01-20 18:00:00+00:00,90.625,,65.075,7.3,410.025,0.0,0.7,0.0,0.9,2.65,15.625,0.55
2026-01-20 19:00:00+00:00,91.3,,66.15,6.475,413.175,0.0,0.7,0.0,0.9,3.75,16.025,0.325
2026-01-20 20:00:00+00:00,86.8,,66.55,5.4,350.7,0.0,0.7,0.0,0.9,0.9249999999999999,15.275,1.425
2026-01-20 21:00:00+00:00,89.025,,66.125,5.225,368.3,0.0,0.7,0.0,0.9,1.025,15.475,0.275
2026-01-20 22:00:00+00:00,85.775,,67.2,5.025,331.675,0.0,0.7,0.0,0.9,5.85,15.7,0.75
2026-01-20 23:00:00+00:00,84.65,,67.4,5.0,338.42499999999995,0.0,0.7,0.0,0.9,7.074999999999999,15.8,1.375
2026-01-21 00:00:00+00:00,86.025,,65.85,5.0,326.475,0.0,0.7,0.0,0.9,1.25,15.875,1.65
2026-01-21 01:00:00+00:00,88.25,,65.825,5.0,317.0,0.0,0.7,0.0,0.9,0.8,16.025,2.225
2026-01-21 02:00:00+00:00,89.6,,66.475,5.075,340.325,0.0,0.525,0.0,0.825,0.75,16.125,5.1
2026-01-21 03:00:00+00:00,91.375,,66.325,5.375,375.425,0.0,0.3,0.0,0.0,1.4,16.1,8.875
2026-01-21 04:00:00+00:00,94.975,,66.05,7.2,422.79999999999995,0.0,0.3,0.0,0.0,8.05,15.725,10.35
2026-01-21 05:00:00+00:00,95.5,,65.025,7.15,429.775,0.0,0.3,0.0,0.35,14.275,15.6,9.85
2026-01-21 06:00:00+00:00,93.725,,65.175,4.225,429.625,0.0,0.325,0.0,0.9,15.799999999999999,16.3,9.5
2026-01-21 07:00:00+00:00,93.8,,67.025,6.9,429.375,0.0,0.4,0.0,0.9,12.025,16.55,12.025
2026-01-21 08:00:00+00:00,93.7,,67.3,7.4,431.6,0.0,0.4,0.0,0.9,12.25,16.625,17.2
2026-01-21 09:00:00+00:00,94.2,,64.65,7.45,458.1,0.0,0.4,0.0,0.9,13.5,16.775,22.675
2026-01-21 10:00:00+00:00,94.3,,64.0,7.4,472.775,0.0,0.775,0.0,0.9,11.3,16.9,15.1
2026-01-21 11:00:00+00:00,95.45,,63.675,7.375,524.025,0.0,0.8,0.0,0.9,4.425,17.15,17.35
2026-01-21 12:00:00+00:00,93.025,,63.525,7.3,508.95,0.0,0.8,0.0,0.9,3.375,15.399999999999999,30.875
2026-01-21 13:00:00+00:00,93.80000000000001,,45.75,7.3,527.6,0.0,0.8,0.0,0.9,5.95,16.375,38.525
2026-01-21 14:00:00+00:00,92.75,,45.275,7.3,528.225,0.0,0.8,0.0,0.9,8.075,16.8,49.725
2026-01-21 15:00:00+00:00,92.825,,51.75,6.95,533.625,0.0,0.8,0.0,0.9,3.0,16.6,56.775
2026-01-21 16:00:00+00:00,89.9,,56.725,5.6,497.375,0.0,0.8,0.0,0.9,1.125,16.475,67.6
2026-01-21 17:00:00+00:00,90.6,,60.7,5.6,497.22499999999997,0.0,0.8,0.0,0.9,1.925,16.375,71.05
2026-01-21 18:00:00+00:00,86.75,,61.35,5.6,398.975,0.0,0.8,0.0,0.9,0.45,16.325,91.65
2026-01-21 19:00:00+00:00,90.275,,60.125,5.6,382.25,0.0,0.8,0.0,0.275,1.725,16.45,85.575
2026-01-21 20:00:00+00:00,89.7,,60.025,5.6,386.3,0.0,0.8,0.0,0.0,3.8000000000000003,16.15,102.425
2026-01-21 21:00:00+00:00,89.15,,57.3,5.5,371.85,0.0,0.8,0.0,0.0,1.225,15.8,100.80000000000001
2026-01-21 22:00:00+00:00,83.475,,60.05,5.5,323.75,0.0,0.8,0.0,0.0,0.25,16.05,99.32499999999999
2026-01-21 23:00:00+00:00,80.725,,58.5,5.5,321.325,0.0,0.8,0.0,0.0,0.375,16.0,93.3
2026-01-22 00:00:00+00:00,82.425,,59.974999999999994,5.5,320.65,0.0,0.8,0.0,0.0,0.25,16.175,111.275
2026-01-22 01:00:00+00:00,86.9,,58.7,5.5,321.625,0.0,0.8,0.0,0.0,2.5,16.349999999999998,99.525
2026-01-22 02:00:00+00:00,85.5,,56.775,5.95,320.125,0.0,0.775,0.0,0.0,4.975,16.299999999999997,91.225
2026-01-22 03:00:00+00:00,88.4,,55.4,6.0,352.225,0.0,0.7,0.0,0.85,7.95,13.075,96.95
2026-01-22 04:00:00+00:00,88.925,,55.45,7.65,358.15,0.0,0.8,0.0,0.9,3.0,16.825,121.325
2026-01-22 05:00:00+00:00,93.275,,53.575,7.7,409.25,0.0,0.8,0.0,0.9,8.6,16.875,123.8
2026-01-22 06:00:00+00:00,90.675,,53.825,7.7,413.825,0.0,0.8,0.0,0.9,7.25,16.95,93.175
2026-01-22 07:00:00+00:00,88.575,,55.9,7.7,386.6,0.0,0.8,0.0,0.9,9.075,16.6,73.425
2026-01-22 08:00:00+00:00,89.1,,56.2,6.075,374.75,0.0,0.8,0.0,0.9,10.55,16.025,76.65
2026-01-22 09:00:00+00:00,91.7,,55.45,6.0,384.4,0.0,0.8,0.0,0.9,16.325,16.175,104.8
2026-01-22 10:00:00+00:00,90.275,,54.85,6.0,368.9,0.0,0.8,0.0,0.9,11.35,16.775,94.05
2026-01-22 11:00:00+00:00,89.85,,54.2,6.025,363.675,0.0,0.8,0.0,0.9,8.1,16.575,109.8
2026-01-22 12:00:00+00:00,88.3,,53.075,7.675,362.15,0.0,0.8,0.0,0.9,2.15,16.65,129.95
2026-01-22 13:00:00+00:00,89.0,,54.5,7.7,371.775,0.0,0.775,0.0,0.9,2.05,16.425,137.175
2026-01-22 14:00:00+00:00,87.85,,55.05,7.7,374.875,0.0,0.7,0.0,0.9,2.875,16.625,126.69999999999999
2026-01-22 15:00:00+00:00,88.05,,57.125,7.7,359.55,0.0,0.7,0.0,0.9,1.7000000000000002,15.95,119.575
2026-01-22 16:00:00+00:00,89.0,,56.4,6.075,365.825,0.0,0.7,0.0,0.9,1.8,15.6,109.2
2026-01-22 17:00:00+00:00,86.325,,56.925,5.8,353.9,0.0,0.7,0.0,0.65,1.325,15.8,98.95
2026-01-22 18:00:00+00:00,85.55,,57.25,5.8,337.3,0.0,0.7,0.0,0.0,4.075,16.025,92.525
2026-01-22 19:00:00+00:00,87.3,,57.55,5.775,355.35,0.0,0.7,0.0,0.0,6.75,16.075,76.45
2026-01-22 20:00:00+00:00,84.825,,58.05,5.525,342.225,0.0,0.7,0.0,0.0,9.025,16.225,67.875
2026-01-22 21:00:00+00:00,82.25,,56.175,5.5,322.475,0.0,0.7,0.0,0.0,0.35,16.05,60.125
2026-01-22 22:00:00+00:00,83.6,,53.975,5.5,325.1,0.0,0.7,0.0,0.0,0.3,16.275,62.65
2026-01-22 23:00:00+00:00,82.95,,54.0,5.5,330.0,0.0,0.7,0.0,0.0,4.875,16.225,60.45
2026-01-23 00:00:00+00:00,85.225,,53.6,5.5,339.475,0.0,0.7,0.0,0.0,3.1750000000000003,15.8,53.15
2026-01-23 01:00:00+00:00,87.575,,55.125,5.5,332.375,0.0,0.7,0.0,0.0,1.775,15.9,39.65
2026-01-23 02:00:00+00:00,87.075,,54.25,5.5,344.625,0.0,0.7,0.0,0.0,7.275,16.075,35.75
2026-01-23 03:00:00+00:00,89.45,,53.85,5.65,353.875,0.0,0.7,0.0,0.0,6.225,16.1,41.3
2026-01-23 04:00:00+00:00,91.05,,55.95,7.2,368.825,0.0,0.325,0.0,0.0,2.05,15.700000000000001,41.175
2026-01-23 05:00:00+00:00,90.85,,56.55,7.2,380.6,0.0,0.3,0.0,0.875,5.025,15.7,32.95
2026-01-23 06:00:00+00:00,92.35,,56.75,7.2,410.35,0.0,0.3,0.0,0.9,10.35,15.925,28.525
2026-01-23 07:00:00+00:00,92.425,,57.725,7.2,408.6,0.0,0.3,0.0,0.9,10.0,15.95,23.925
2026-01-23 08:00:00+00:00,91.075,,56.65,7.2,394.7,0.0,0.3,0.0,0.9,11.725000000000001,15.774999999999999,23.95
2026-01-23 09:00:00+00:00,92.5,,55.05,7.2,402.325,0.0,0.375,0.0,0.9,12.825,16.075,16.0
2026-01-23 10:00:00+00:00,92.725,,56.9,7.225,402.475,0.0,0.4,0.0,0.9,11.825,16.025,17.525
2026-01-23 11:00:00+00:00,92.625,,59.125,7.3,402.5,0.0,0.4,0.0,0.4,8.4,16.275,17.224999999999998
2026-01-23 12:00:00+00:00,90.4,,60.525,7.3,399.8,0.0,0.575,0.0,0.65,4.25,16.15,16.25
2026-01-23 13:00:00+00:00,89.875,,56.975,7.425,401.15,0.0,0.8,0.0,0.9,1.9749999999999999,16.35,19.525
2026-01-23 14:00:00+00:00,86.125,,54.425,7.7,382.025,0.0,0.8,0.0,0.9,2.3,16.2,27.65
2026-01-23 15:00:00+00:00,87.4,,50.55,7.775,392.9,0.0,0.8,0.0,0.9,2.35,15.774999999999999,32.75
2026-01-23 16:00:00+00:00,87.325,,38.1,7.75,382.2,0.0,0.8,0.0,0.9,1.775,15.625,36.35
2026-01-23 17:00:00+00:00,85.1,,37.25,7.7,360.55,0.0,0.75,0.0,0.9,1.475,15.875,44.125
2026-01-23 18:00:00+00:00,85.925,,37.2,6.075,358.825,0.0,0.7,0.0,0.9,2.525,16.25,46.2
2026-01-23 19:00:00+00:00,85.825,,35.75,5.975,347.175,0.0,0.7,0.0,0.9,2.0,16.174999999999997,36.9
2026-01-23 20:00:00+00:00,84.425,,39.625,5.725,340.4,0.0,0.7,0.0,0.9,2.4000000000000004,16.475,33.75
2026-01-23 21:00:00+00:00,83.4,,42.825,5.65,324.325,0.0,0.7,0.0,0.9,1.5,16.25,27.325
2026-01-23 22:00:00+00:00,83.875,,47.775,5.6,339.275,0.0,0.7,0.0,0.9,2.0,16.325,16.425
2026-01-23 23:00:00+00:00,83.25,,51.9,5.6,348.125,0.0,0.7,0.0,0.9,3.5,15.875,11.6
2026-01-24 00:00:00+00:00,85.025,,55.1,5.6,339.475,0.0,0.7,0.0,0.9,3.325,15.725,8.35
2026-01-24 01:00:00+00:00,87.225,,53.325,5.6,322.4,0.0,0.7,0.0,0.9,0.75,15.9,7.975
2026-01-24 02:00:00+00:00,85.55,,52.925,5.6,321.2,0.0,0.7,0.0,0.9,0.6,16.175,9.075
2026-01-24 03:00:00+00:00,85.325,,53.375,5.7,323.57500000000005,0.0,0.7,0.0,0.9,6.275,16.15,13.0
2026-01-24 04:00:00+00:00,85.925,,54.025,5.7,333.45000000000005,0.0,0.7,0.0,0.9,4.25,16.125,12.6
2026-01-24 05:00:00+00:00,87.55,,53.95,5.7,350.05,0.0,0.7,0.0,0.9,2.25,16.025,17.875
2026-01-24 06:00:00+00:00,87.9,,52.65,5.7,359.775,0.0,0.7,0.0,0.9,8.3,16.05,20.2
2026-01-24 07:00:00+00:00,87.5,,53.4,5.7,365.025,0.0,0.525,0.0,0.9,13.0,15.8,18.075
2026-01-24 08:00:00+00:00,86.45,,52.975,5.7,353.025,0.0,0.3,0.0,0.9,25.275,15.575000000000001,13.075
2026-01-24 09:00:00+00:00,87.1,,53.75,5.7,357.025,0.0,0.3,0.0,0.9,37.05,15.8,7.699999999999999
2026-01-24 10:00:00+00:00,89.675,,55.475,5.7,374.275,0.0,0.3,0.0,0.9,33.425,16.075,4.475
2026-01-24 11:00:00+00:00,89.775,,55.650000000000006,5.7,366.84999999999997,0.0,0.3,0.0,0.9,19.375,15.95,5.95
2026-01-24 12:00:00+00:00,87.95,,52.95,5.7,358.0,0.0,0.3,0.0,0.9,7.45,15.8,17.275
2026-01-24 13:00:00+00:00,86.6,,48.875,5.7,350.375,0.0,0.3,0.0,0.9,1.525,16.25,44.724999999999994
2026-01-24 14:00:00+00:00,84.725,,48.375,5.75,341.55,0.0,0.3,0.0,0.9,1.45,16.125,57.45
2026-01-24 15:00:00+00:00,84.9,,49.85,5.8,340.825,0.0,0.3,0.0,0.9,2.925,15.6,95.3
2026-01-24 16:00:00+00:00,86.65,,50.0,5.925,343.35,0.0,0.4,0.0,0.9,1.4,15.25,143.325
2026-01-24 17:00:00+00:00,85.675,,49.45,6.0,349.3,0.0,0.4,0.0,0.9,3.8,15.950000000000001,133.3
2026-01-24 18:00:00+00:00,87.15,,47.475,6.0,349.825,0.0,0.4,0.0,0.9,3.7,15.85,141.5
2026-01-24 19:00:00+00:00,86.025,,47.9,6.0,351.8,0.0,0.575,0.0,0.9,5.575,15.825,153.17499999999998
2026-01-24 20:00:00+00:00,82.55,,47.95,6.0,336.55,0.0,0.8,0.0,0.9,0.85,16.0,128.65
2026-01-24 21:00:00+00:00,82.975,,48.6,6.0,346.0,0.0,0.8,0.0,0.9,0.8500000000000001,16.025,113.875
2026-01-24 22:00:00+00:00,83.9,,50.225,6.0,354.6,0.0,0.8,0.0,0.9,0.775,15.975,100.25
2026-01-24 23:00:00+00:00,85.275,,50.675,6.0,369.3,0.0,0.8,0.0,0.9,18.375,15.575,92.3
2026-01-25 00:00:00+00:00,86.375,,49.175,6.0,345.75,0.0,0.8,0.0,0.9,8.55,15.375,105.475
2026-01-25 01:00:00+00:00,87.8,,46.65,6.0,346.075,0.0,0.75,0.0,0.9,0.975,15.825,110.15
2026-01-25 02:00:00+00:00,85.7,,48.45,6.0,344.725,0.0,0.7,0.0,0.9,1.05,15.8,101.5
2026-01-25 03:00:00+00:00,86.375,,48.225,6.0,345.7,0.0,0.7,0.0,0.275,1.25,15.9,100.125
2026-01-25 04:00:00+00:00,86.8,,47.8,5.95,346.82500000000005,0.0,0.7,0.0,0.0,15.425,15.625,117.075
2026-01-25 05:00:00+00:00,86.975,,45.45,6.1,347.275,0.0,0.7,0.0,0.1,6.3,15.424999999999999,130.55
2026-01-25 06:00:00+00:00,86.025,,45.675,3.875,353.85,0.0,0.475,0.0,0.0,12.525,15.675,177.15
2026-01-25 07:00:00+00:00,82.1,,47.6,6.1,348.025,0.0,0.0,0.0,0.0,25.275,15.6,186.0
2026-01-25 08:00:00+00:00,79.9,,48.65,6.1,351.65,0.0,0.0,0.0,0.0,42.775,15.225,153.47500000000002
2026-01-25 09:00:00+00:00,79.375,,51.425,6.0,352.575,0.0,0.0,0.0,0.0,49.375,15.4,131.05
2026-01-25 10:00:00+00:00,79.175,,51.95,5.975,352.125,0.0,0.0,0.0,0.0,37.0,15.65,119.525
2026-01-25 11:00:00+00:00,80.5,,52.05,5.8,346.8,0.0,0.0,0.0,0.0,24.3,15.825,82.175
2026-01-25 12:00:00+00:00,81.0,,51.6,5.8,354.95,0.0,0.575,0.0,0.0,8.7,15.975000000000001,78.375
2026-01-25 13:00:00+00:00,82.525,,48.425,5.725,367.85,0.0,0.8,0.0,0.15,1.5,15.975000000000001,141.5
2026-01-25 14:00:00+00:00,81.9,,47.35,5.675,378.825,0.0,0.8,0.0,0.0,0.725,15.875,205.85
2026-01-25 15:00:00+00:00,82.425,,49.0,5.8,386.575,0.0,0.8,0.0,0.0,2.425,15.525,205.3
2026-01-25 16:00:00+00:00,84.525,,48.325,5.775,426.925,0.0,0.8,0.0,0.0,7.075,15.075,173.6
2026-01-25 17:00:00+00:00,85.3,,48.375,5.7,392.725,0.0,0.7,0.0,0.0,3.75,15.8,176.9
2026-01-25 18:00:00+00:00,83.4,,50.025,5.625,380.875,0.0,0.7,0.0,0.0,1.1500000000000001,15.775,181.35
2026-01-25 19:00:00+00:00,83.775,,50.8,5.6,373.25,0.0,0.7,0.0,0.0,6.4750000000000005,16.05,156.7
2026-01-25 20:00:00+00:00,84.5,,49.725,5.5,376.925,0.0,0.625,0.0,0.0,10.05,16.45,178.125
2026-01-25 21:00:00+00:00,83.025,,50.775,5.5,374.8,0.0,0.3,0.0,0.0,2.8499999999999996,16.375,167.625
2026-01-25 22:00:00+00:00,81.2,,52.9,5.425000000000001,359.775,0.0,0.3,0.0,0.0,0.825,16.525,132.275
2026-01-25 23:00:00+00:00,80.2,,52.025,5.4,359.05,0.0,0.3,0.0,0.0,1.0250000000000001,16.175,111.5
2026-01-26 00:00:00+00:00,81.5,,54.7,5.4,361.25,0.0,0.3,0.0,0.0,0.65,15.95,100.25
2026-01-26 01:00:00+00:00,84.875,,55.4,5.4,360.875,0.0,0.3,0.0,0.0,4.4,16.3,79.3
2026-01-26 02:00:00+00:00,83.225,,55.825,5.4,362.45,0.0,0.3,0.0,0.0,0.775,16.175,66.775
2026-01-26 03:00:00+00:00,85.2,,56.125,5.55,381.125,0.0,0.3,0.0,0.0,0.95,16.55,71.3
2026-01-26 04:00:00+00:00,91.42500000000001,,55.625,7.45,440.72499999999997,0.0,0.3,0.0,0.0,13.35,16.1,68.275
2026-01-26 05:00:00+00:00,92.625,,55.7,7.5,479.725,0.0,0.3,0.0,0.175,16.775,16.025,43.875
2026-01-26 06:00:00+00:00,91.875,,55.95,7.6,480.675,0.0,0.3,0.0,0.0,7.300000000000001,15.5,34.3
2026-01-26 07:00:00+00:00,92.2,,56.8,7.7,484.5,0.0,0.3,0.0,0.0,15.125,15.95,24.65
2026-01-26 08:00:00+00:00,91.875,,50.925,7.7,484.6,0.0,0.3,0.0,0.1,18.6,15.225,8.2
2026-01-26 09:00:00+00:00,91.25,,46.325,7.7,482.375,0.0,0.3,0.0,0.175,23.4,15.475,2.125
2026-01-26 10:00:00+00:00,91.44999999999999,,51.175,7.7,481.95,0.0,0.3,0.0,0.9,17.3,15.525,2.525
2026-01-26 11:00:00+00:00,91.3,,50.55,7.7,483.65,0.0,0.3,0.0,0.9,8.175,15.725,8.825
2026-01-26 12:00:00+00:00,90.25,,52.4,7.7,482.025,0.0,0.3,0.0,0.9,4.725,15.649999999999999,12.45
2026-01-26 13:00:00+00:00,89.475,,54.375,7.7,461.825,0.0,0.3,0.0,0.9,2.95,15.925,20.7
2026-01-26 14:00:00+00:00,89.4,,54.825,7.7,465.9,0.0,0.3,0.0,0.9,1.375,16.0,38.675000000000004
2026-01-26 15:00:00+00:00,89.925,,55.525,7.7,478.775,0.0,0.3,0.0,0.9,16.125,15.925,65.2
2026-01-26 16:00:00+00:00,88.925,,53.25,7.7,477.775,0.0,0.3,0.0,0.9,9.6,15.45,98.05
2026-01-26 17:00:00+00:00,89.30000000000001,,50.75,7.7,476.15,0.0,0.3,0.0,0.9,5.675,16.0,126.5
2026-01-26 18:00:00+00:00,88.35,,51.625,7.7,454.325,0.0,0.3,0.0,0.9,3.6500000000000004,16.175,146.9
2026-01-26 19:00:00+00:00,89.975,,54.375,7.7,446.175,0.0,0.3,0.0,0.9,2.5,16.175,135.35
2026-01-26 20:00:00+00:00,86.825,,57.75,5.75,401.825,0.0,0.3,0.0,0.9,1.425,16.3,148.95
2026-01-26 21:00:00+00:00,85.82499999999999,,58.6,5.6,402.175,0.0,0.3,0.0,0.9,0.25,16.475,156.70000000000002
2026-01-26 22:00:00+00:00,89.375,,57.4,5.5,400.475,0.0,0.35,0.0,0.9,0.575,16.35,142.3
2026-01-26 23:00:00+00:00,90.9,,59.075,5.5,403.7,0.0,0.4,0.0,0.9,1.7,14.7,142.25
2026-01-27 00:00:00+00:00,92.175,,59.300000000000004,5.5,404.35,0.0,0.475,0.0,0.9,0.4,7.95,121.35
2026-01-27 01:00:00+00:00,96.0,,60.4,5.5,403.825,0.0,0.8,0.0,0.9,0.6749999999999999,10.15,96.675
2026-01-27 02:00:00+00:00,93.65,,61.175,5.5,401.925,0.0,0.8,0.0,0.9,2.75,15.775,97.7
2026-01-27 03:00:00+00:00,93.6,,61.275,6.0,403.72499999999997,0.0,0.8,0.0,0.9,1.175,15.275,80.6
2026-01-27 04:00:00+00:00,94.875,,61.325,7.7,446.975,0.0,0.8,0.0,0.9,5.6,15.625,64.5
2026-01-27 05:00:00+00:00,95.02499999999999,,61.75,7.7,465.45,0.0,0.8,0.0,0.9,2.075,16.8,73.725
2026-01-27 06:00:00+00:00,92.4,,61.800000000000004,7.7,459.75,0.0,0.8,0.0,0.9,6.425,16.65,77.6
2026-01-27 07:00:00+00:00,90.475,,63.15,7.7,456.925,0.0,0.8,0.0,0.9,8.4,16.525,78.45
2026-01-27 08:00:00+00:00,91.1,,61.575,7.7,456.375,0.0,0.725,0.0,0.9,14.950000000000001,16.525,89.9
2026-01-27 09:00:00+00:00,89.9,,61.575,7.7,457.45,0.0,0.7,0.0,0.9,21.875,16.2,85.15
2026-01-27 10:00:00+00:00,92.15,,62.15,7.7,441.6,0.0,0.7,0.0,0.9,25.45,16.0,85.85
2026-01-27 11:00:00+00:00,92.425,,61.1,7.7,455.375,0.0,0.425,0.0,0.9,29.275,16.1,85.725
2026-01-27 12:00:00+00:00,90.45,,60.75,7.7,470.975,0.0,0.3,0.0,0.9,7.575,16.25,94.825
2026-01-27 13:00:00+00:00,89.9,,59.400000000000006,7.675,464.875,0.0,0.3,0.0,0.9,5.975,16.1,114.7
2026-01-27 14:00:00+00:00,88.8,,59.825,7.6,467.55,0.0,0.3,0.0,0.9,5.5,16.275,133.675
2026-01-27 15:00:00+00:00,89.225,,59.85,7.625,468.525,0.0,0.3,0.0,0.9,6.475,15.575,147.35
2026-01-27 16:00:00+00:00,90.3,,59.775,7.7,465.125,0.0,0.3,0.0,0.9,3.4499999999999997,15.375,154.25
2026-01-27 17:00:00+00:00,89.4,,59.0,7.7,462.825,0.0,0.3,0.0,0.9,9.1,16.05,160.075
2026-01-27 18:00:00+00:00,87.775,,59.225,7.675,456.65,0.0,0.3,0.0,0.9,5.925,16.0,153.8
2026-01-27 19:00:00+00:00,84.65,,59.75,7.6,403.75,0.0,0.4,0.0,0.9,4.775,16.075000000000003,142.175
2026-01-27 20:00:00+00:00,87.75,,60.2,5.95,421.075,0.0,0.4,0.0,0.9,4.2,16.125,155.0
2026-01-27 21:00:00+00:00,86.4,,59.275,5.775,399.35,0.0,0.4,0.0,0.9,1.4500000000000002,16.15,160.47500000000002
2026-01-27 22:00:00+00:00,85.55,,59.275,5.7,396.025,0.0,0.4,0.0,0.9,6.55,16.25,143.925
2026-01-27 23:00:00+00:00,87.775,,57.25,5.7,400.975,0.0,0.675,0.0,0.9,2.675,15.625,151.3
2026-01-28 00:00:00+00:00,89.0,,55.175,5.7,396.275,0.0,0.8,0.0,0.9,2.95,15.75,132.65
2026-01-28 01:00:00+00:00,91.725,,56.75,5.7,404.05,0.0,0.8,0.0,0.9,2.6,16.15,115.42500000000001
2026-01-28 02:00:00+00:00,92.575,,58.775,5.7,438.05,0.0,0.8,0.0,0.9,1.75,16.275,134.25
2026-01-28 03:00:00+00:00,92.075,,58.725,3.45,459.07500000000005,0.0,0.8,0.0,0.9,6.1,16.1,169.8
2026-01-28 04:00:00+00:00,96.325,,56.8,7.525,551.1,0.0,0.8,0.0,0.9,7.275,16.15,205.275
2026-01-28 05:00:00+00:00,95.175,,54.325,7.7,553.05,0.0,0.8,0.0,0.9,5.05,16.175,201.475
2026-01-28 06:00:00+00:00,96.375,,55.05,7.55,556.55,0.0,0.8,0.0,0.9,8.0,15.924999999999999,166.475
2026-01-28 07:00:00+00:00,95.75,,55.375,7.25,545.65,0.0,0.8,0.0,0.9,14.675,13.45,144.525
2026-01-28 08:00:00+00:00,95.25,,56.85,7.2,545.575,0.0,0.7,0.0,0.9,27.0,14.95,142.4
2026-01-28 09:00:00+00:00,97.15,,53.65,7.2,548.0749999999999,0.0,0.7,0.0,0.9,40.375,16.225,186.625
2026-01-28 10:00:00+00:00,96.225,,55.35,7.2,551.25,0.0,0.7,0.0,0.9,26.025,15.15,229.7
2026-01-28 11:00:00+00:00,96.225,,55.9,7.2,550.325,0.0,0.7,0.0,0.9,19.9,15.95,240.4
2026-01-28 12:00:00+00:00,93.775,,56.75,7.2,545.925,0.0,0.625,0.0,0.9,13.95,16.575,244.325
2026-01-28 13:00:00+00:00,95.075,,55.025,7.2,537.175,0.0,0.3,0.0,0.9,3.375,16.45,232.825
2026-01-28 14:00:00+00:00,95.55,,56.55,7.2,538.35,0.0,0.3,0.0,0.9,3.55,16.85,292.075
2026-01-28 15:00:00+00:00,92.6,,56.95,7.2,418.85,0.0,0.3,0.0,0.9,4.825,15.7,323.075
2026-01-28 16:00:00+00:00,91.325,,57.225,7.2,359.0,0.0,0.3,0.0,0.9,3.4,15.3,346.15
2026-01-28 17:00:00+00:00,90.025,,57.075,7.300000000000001,374.25,0.0,0.3,0.0,0.9,0.875,16.0,331.025
2026-01-28 18:00:00+00:00,89.725,,56.05,5.75,360.475,0.0,0.3,0.0,0.9,0.55,16.1,319.425
2026-01-28 19:00:00+00:00,89.75,,56.275,5.7,361.975,0.0,0.3,0.0,0.9,2.6,16.25,271.425
2026-01-28 20:00:00+00:00,88.825,,56.6,5.675,356.375,0.0,0.3,0.0,0.9,8.725,16.275,283.225
2026-01-28 21:00:00+00:00,88.675,,57.15,5.6,351.75,0.0,0.375,0.0,0.9,0.475,16.225,284.8
2026-01-28 22:00:00+00:00,87.25,,53.825,5.574999999999999,341.35,0.0,0.4,0.0,0.9,0.9500000000000001,16.525,289.575
2026-01-28 23:00:00+00:00,85.325,,51.825,5.5,338.3,0.0,0.4,0.0,0.9,1.1,15.7,295.85
2026-01-29 00:00:00+00:00,86.45,,50.95,5.5,340.4,0.0,0.4,0.0,0.9,0.3,15.975,293.05
2026-01-29 01:00:00+00:00,87.30000000000001,,50.324999999999996,5.5,337.525,0.0,0.5,0.0,0.9,0.5750000000000001,16.225,306.85
2026-01-29 02:00:00+00:00,89.675,,49.825,5.5,359.25,0.0,0.8,0.0,0.9,0.675,16.375,378.125
2026-01-29 03:00:00+00:00,92.825,,48.625,5.625,456.35,0.0,0.8,0.0,0.9,0.95,16.25,370.025
2026-01-29 04:00:00+00:00,90.125,,47.35,7.475,459.875,0.0,0.8,0.0,0.9,2.825,16.25,362.15
2026-01-29 05:00:00+00:00,90.10000000000001,,47.8,6.2,463.32500000000005,0.0,0.8,0.0,0.9,2.15,16.25,401.7
2026-01-29 06:00:00+00:00,86.15,,47.175,7.35,420.35,0.0,0.75,0.0,0.9,13.025,16.2,399.9
2026-01-29 07:00:00+00:00,88.275,,46.6,7.6,418.6,0.0,0.7,0.0,0.9,32.95,15.275,327.125
2026-01-29 08:00:00+00:00,85.6,,47.225,7.6,398.8,0.0,0.7,0.0,0.9,54.425,15.55,237.22500000000002
2026-01-29 09:00:00+00:00,85.35,,47.875,7.525,408.25,0.0,0.7,0.0,0.9,64.725,16.275,202.35
2026-01-29 10:00:00+00:00,85.575,,49.55,7.5,413.5,0.0,0.7,0.0,0.9,72.5,16.425,168.1
2026-01-29 11:00:00+00:00,87.225,,51.75,7.55,416.875,0.0,0.7,0.0,0.9,47.650000000000006,16.225,158.475
2026-01-29 12:00:00+00:00,85.775,,51.0,7.6,415.625,0.0,0.625,0.0,0.9,19.55,16.275,152.55
2026-01-29 13:00:00+00:00,84.15,,48.25,7.6,421.5,0.0,0.4,0.0,0.9,4.2,16.15,183.75
2026-01-29 14:00:00+00:00,88.025,,47.175,7.6,477.925,0.0,0.3,0.0,0.9,0.975,16.3,249.525
2026-01-29 15:00:00+00:00,89.55000000000001,,49.25,7.6,495.375,0.0,0.3,0.0,0.9,1.8250000000000002,15.775,295.175
2026-01-29 16:00:00+00:00,90.75,,49.65,7.4,505.2,0.0,0.3,0.0,0.9,0.875,16.0,304.75
2026-01-29 17:00:00+00:00,89.675,,50.85,7.4,503.4,0.0,0.3,0.0,0.9,1.475,16.475,304.775
2026-01-29 18:00:00+00:00,89.975,,50.775,7.4,507.975,0.0,0.3,0.0,0.9,0.625,16.525,274.45
2026-01-29 19:00:00+00:00,84.875,,52.3,7.4,455.9,0.0,0.3,0.0,0.9,1.225,16.525,266.45
2026-01-29 20:00:00+00:00,82.2,,52.0,7.4,400.775,0.0,0.3,0.0,0.9,0.75,16.75,253.65
2026-01-29 21:00:00+00:00,81.6,,51.425,7.4,378.075,0.0,0.3,0.0,0.9,0.625,16.525,219.52499999999998
2026-01-29 22:00:00+00:00,83.35,,53.075,5.775,402.1,0.0,0.4,0.0,0.9,0.825,16.8,178.125
2026-01-29 23:00:00+00:00,83.7,,51.5,5.7,428.825,0.0,0.4,0.0,0.9,0.475,16.025,155.95
2026-01-30 00:00:00+00:00,83.875,,52.7,5.7,437.275,0.0,0.4,0.0,0.9,0.45,15.925,141.55
2026-01-30 01:00:00+00:00,87.3,,52.025,6.55,443.8,0.0,0.4,0.0,0.9,0.625,16.925,132.6
2026-01-30 02:00:00+00:00,88.45,,50.075,7.4,456.6,0.0,0.4,0.0,0.9,0.25,16.95,125.25
2026-01-30 03:00:00+00:00,88.225,,50.775,7.4,566.2,0.0,0.4,0.0,0.9,0.325,16.625,86.4
2026-01-30 04:00:00+00:00,90.69999999999999,,49.875,7.475,627.425,0.0,0.4,0.0,0.9,7.6499999999999995,16.25,69.175
2026-01-30 05:00:00+00:00,95.775,,50.525,7.5,655.8,0.0,0.5,0.0,0.9,3.475,16.625,106.7
2026-01-30 06:00:00+00:00,96.3,,50.35,7.5,667.825,0.0,0.8,0.0,0.9,13.375,16.275,102.475
2026-01-30 07:00:00+00:00,95.975,,50.4,7.625,670.25,0.0,0.8,0.0,0.9,34.6,15.35,96.425
2026-01-30 08:00:00+00:00,97.075,,51.325,5.9750000000000005,675.45,0.0,0.8,0.0,0.9,66.8,15.625,57.0
2026-01-30 09:00:00+00:00,96.45,,53.1,5.9,683.25,0.0,0.7,0.0,0.9,76.375,16.35,22.35
2026-01-30 10:00:00+00:00,95.825,,55.425,5.9,685.075,0.0,0.7,0.0,0.9,59.0,16.125,9.725
2026-01-30 11:00:00+00:00,96.25,,55.775,7.35,685.55,0.0,0.7,0.0,0.9,40.975,16.65,8.6
2026-01-30 12:00:00+00:00,93.7,,55.65,7.575,679.075,0.0,0.7,0.0,0.9,17.25,16.575,10.35
2026-01-30 13:00:00+00:00,93.57499999999999,,53.225,7.7,674.625,0.0,0.7,0.0,0.9,2.5250000000000004,16.825,16.75
2026-01-30 14:00:00+00:00,92.275,,52.55,7.7,684.175,0.0,0.7,0.0,0.9,4.125,16.675,38.325
2026-01-30 15:00:00+00:00,93.2,,53.025,7.7,684.6,0.0,0.625,0.0,0.9,1.4,15.825000000000001,52.725
2026-01-30 16:00:00+00:00,93.25,,51.825,7.7,682.875,0.0,0.3,0.0,0.9,12.125,15.899999999999999,51.875
2026-01-30 17:00:00+00:00,93.6,,51.025,7.7,674.8,0.0,0.3,0.0,0.9,7.3,16.75,55.900000000000006
2026-01-30 18:00:00+00:00,89.75,,49.824999999999996,7.7,551.025,0.0,0.3,0.0,0.9,0.325,16.75,72.4
2026-01-30 19:00:00+00:00,89.1,,48.075,7.7,519.975,0.0,0.3,0.0,0.9,0.3,16.825,74.025
2026-01-30 20:00:00+00:00,83.575,,48.15,6.0,461.725,0.0,0.3,0.0,0.9,0.2,16.8,103.5
2026-01-30 21:00:00+00:00,79.55,,49.6,6.075,375.725,0.0,0.3,0.0,0.9,0.3,16.799999999999997,92.7
2026-01-30 22:00:00+00:00,83.425,,54.225,7.5,342.45,0.0,0.3,0.0,0.9,1.3,16.95,65.95
2026-01-30 23:00:00+00:00,80.725,,55.025,7.5,346.85,0.0,0.3,0.0,0.9,0.3,15.975,59.475
2026-01-31 00:00:00+00:00,81.95,,54.225,5.875,346.5,0.0,0.3,0.0,0.9,5.775,16.4,53.775
2026-01-31 01:00:00+00:00,84.65,,51.7,5.8,347.15,0.0,0.3,0.0,0.9,13.875,16.825,55.975
2026-01-31 02:00:00+00:00,82.5,,50.725,5.8,342.2,0.0,0.3,0.0,0.9,4.7749999999999995,17.05,39.875
2026-01-31 03:00:00+00:00,83.275,,52.725,5.8,357.525,0.0,0.35,0.0,0.9,7.1,16.925,39.125
2026-01-31 04:00:00+00:00,83.875,,51.5,5.8,373.85,0.0,0.4,0.0,0.9,7.625,16.55,33.775
2026-01-31 05:00:00+00:00,82.275,,51.275000000000006,5.95,380.5,0.0,0.4,0.0,0.9,7.025,16.55,33.65
2026-01-31 06:00:00+00:00,80.525,,51.575,7.5,299.15,0.0,0.4,0.0,0.9,8.3,16.25,40.95
2026-01-31 07:00:00+00:00,79.17500000000001,,52.2,7.5,290.675,0.0,0.4,0.0,0.9,26.299999999999997,15.55,42.525
2026-01-31 08:00:00+00:00,81.07499999999999,,52.55,7.5,317.25,0.0,0.4,0.0,0.9,41.849999999999994,15.875,32.45
2026-01-31 09:00:00+00:00,82.625,,52.8,7.5,322.75,0.0,0.4,0.0,0.9,54.8,16.025,24.325
2026-01-31 10:00:00+00:00,82.1,,52.65,7.45,323.7,0.0,0.4,0.0,0.9,51.975,16.4,22.6
2026-01-31 11:00:00+00:00,84.07499999999999,,52.375,7.4,344.2,0.0,0.4,0.0,0.9,39.15,16.35,30.175
2026-01-31 12:00:00+00:00,84.2,,53.675000000000004,7.4,342.075,0.0,0.4,0.0,0.9,20.0,16.25,36.075
2026-01-31 13:00:00+00:00,84.85,,51.75,7.4,338.65,0.0,0.675,0.0,0.9,6.65,16.225,55.5
2026-01-31 14:00:00+00:00,85.15,,50.95,7.4,334.025,0.0,0.8,0.0,0.9,3.5,16.35,100.125
2026-01-31 15:00:00+00:00,85.35,,47.15,7.4,326.625,0.0,0.8,0.0,0.9,0.3,15.8,160.2
2026-01-31 16:00:00+00:00,79.85,,47.5,5.85,305.125,0.0,0.8,0.0,0.9,0.3,16.5,149.8
2026-01-31 17:00:00+00:00,79.675,,47.65,5.9,303.35,0.0,0.775,0.0,0.9,0.5,16.875,146.125
2026-01-31 18:00:00+00:00,80.975,,49.35,5.85,307.9,0.0,0.7,0.0,0.9,6.425,16.65,162.95
2026-01-31 19:00:00+00:00,81.325,,48.825,5.8,288.9,0.0,0.7,0.0,0.9,17.825,16.675,195.95
2026-01-31 20:00:00+00:00,80.825,,47.175,5.8,296.775,0.0,0.7,0.0,0.7000000000000001,3.1,16.675,193.7
2026-01-31 21:00:00+00:00,80.25,,45.85,5.8,267.15,0.0,0.7,0.0,0.0,13.3525,16.7,186.775
2026-01-31 22:00:00+00:00,81.7,,46.875,5.825,281.075,0.0,0.425,0.0,0.0,3.875,16.950000000000003,174.85
2026-01-31 23:00:00+00:00,83.5,,47.15,5.825,296.275,0.0,0.3,0.0,0.0,2.95,15.825,193.675
