timestamp,mc_mean,mc_95_percentile,actual_demand_2026
2026-01-01 00:00:00,1030.737157325273,1233.896073204919,1065.8400000000001
2026-01-01 01:00:00,1043.7138912274772,1281.2278946912543,1100.2375
2026-01-01 02:00:00,1044.2476574855982,1233.14977051865,1075.6425
2026-01-01 03:00:00,1078.7331641680173,1288.6747111765021,1077.965
2026-01-01 04:00:00,1183.3874133685051,1380.2734180069472,1079.475
2026-01-01 05:00:00,1311.8370599894752,1547.0582152148643,1036.7975000000001
2026-01-01 06:00:00,1388.5350559877413,1649.5156181670795,1067.475
2026-01-01 07:00:00,1431.2080809825172,1693.4212278905486,1141.9775
2026-01-01 08:00:00,1435.4446435484422,1711.677919355684,1170.7
2026-01-01 09:00:00,1428.258771448469,1682.8086270790423,1134.0175
2026-01-01 10:00:00,1410.6531086373175,1707.6005909286653,1139.005
2026-01-01 11:00:00,1424.1970600937234,1699.4821705794875,1152.215
2026-01-01 12:00:00,1404.4126897078904,1644.175530239042,1180.755
2026-01-01 13:00:00,1406.3808045368764,1664.8745046542538,1215.1975
2026-01-01 14:00:00,1418.0413720542958,1674.0515959520064,1212.2675
2026-01-01 15:00:00,1437.7445287065536,1665.8370980350853,1205.955
2026-01-01 16:00:00,1425.500375886163,1697.1914912610748,1235.4175
2026-01-01 17:00:00,1383.3983926004812,1633.7787700685408,1224.845
2026-01-01 18:00:00,1357.2586205050507,1600.969831561765,1217.5225
2026-01-01 19:00:00,1310.7257159975854,1539.4658109667998,1249.42
2026-01-01 20:00:00,1235.5340714284198,1467.4494260100314,1136.72
2026-01-01 21:00:00,1172.767419069195,1396.0225826712458,1060.4724999999999
2026-01-01 22:00:00,1113.8330672279874,1397.153870414315,1083.055
2026-01-01 23:00:00,1077.9553042221094,1298.3281796156778,1107.235
2026-01-02 00:00:00,1064.4426683042996,1290.9536705043367,1081.4299999999998
2026-01-02 01:00:00,1055.8752841059709,1310.7914102990667,1072.4625
2026-01-02 02:00:00,1053.358217278466,1283.473463200275,1077.9
2026-01-02 03:00:00,1077.7443246424925,1302.72749005351,1151.1275
2026-01-02 04:00:00,1167.712813573761,1392.2075960050065,1094.5125
2026-01-02 05:00:00,1271.1466998677486,1463.1109954552176,1154.665
2026-01-02 06:00:00,1351.5766163475027,1571.1352767034589,1267.9524999999999
2026-01-02 07:00:00,1380.8220862002065,1593.9885167893742,1289.205
2026-01-02 08:00:00,1391.208003296123,1597.4115676247386,1289.29
2026-01-02 09:00:00,1375.0865697986167,1597.3595340311795,1276.2150000000001
2026-01-02 10:00:00,1367.1650389112733,1582.2575057666272,1261.9325
2026-01-02 11:00:00,1367.7014849704449,1587.564501396554,1246.8274999999999
2026-01-02 12:00:00,1344.9878377888128,1529.944278421737,1225.435
2026-01-02 13:00:00,1353.9868041370128,1512.2942171009167,1238.78
2026-01-02 14:00:00,1370.9335240532403,1573.3933904456835,1315.9724999999999
2026-01-02 15:00:00,1390.580436864552,1570.239034656513,1286.1775
2026-01-02 16:00:00,1379.56756898436,1551.3196680838969,1279.6925
2026-01-02 17:00:00,1338.400640394104,1533.0318350463701,1251.6125
2026-01-02 18:00:00,1307.1084852887716,1501.4782326167422,1182.295
2026-01-02 19:00:00,1233.454957014425,1417.8634935478499,1165.3025
2026-01-02 20:00:00,1185.296839899144,1400.220701430566,1136.93
2026-01-02 21:00:00,1106.9566178357627,1275.2482367431198,1077.265
2026-01-02 22:00:00,1051.1624873809715,1228.1122078532128,1082.5925
2026-01-02 23:00:00,1024.0340541065102,1202.6741034278766,1023.345
2026-01-03 00:00:00,930.7251567256212,1121.862829392066,1029.415
2026-01-03 01:00:00,926.5698056963103,1106.754634610011,1088.995
2026-01-03 02:00:00,926.8600520611938,1129.1445433053352,1092.375
2026-01-03 03:00:00,952.5040997338074,1124.3220796212072,1038.315
2026-01-03 04:00:00,1040.771712479858,1203.1283352298183,1016.505
2026-01-03 05:00:00,1148.3473792212849,1322.6065927345073,1032.865
2026-01-03 06:00:00,1231.4825711330238,1384.0474214485546,1055.68
2026-01-03 07:00:00,1264.6448142590511,1446.927837437383,1136.93
2026-01-03 08:00:00,1266.575495127974,1453.9091617316271,1145.615
2026-01-03 09:00:00,1251.2658909293673,1420.718815758595,1186.4975
2026-01-03 10:00:00,1237.1963585560538,1401.354676434637,1184.0675
2026-01-03 11:00:00,1244.030189608606,1414.3455091445296,1094.4725
2026-01-03 12:00:00,1227.8774052795459,1390.6990712697927,1132.0349999999999
2026-01-03 13:00:00,1239.084332794377,1428.5501263963554,1170.5774999999999
2026-01-03 14:00:00,1247.2821958864608,1414.4994169508318,1239.6125
2026-01-03 15:00:00,1274.2719387469356,1437.3518573183624,1262.3725
2026-01-03 16:00:00,1256.2908328620651,1454.582988112579,1250.7675
2026-01-03 17:00:00,1215.7578677899899,1382.4764487023142,1224.2975
2026-01-03 18:00:00,1187.4484517330409,1368.675432870147,1198.8875
2026-01-03 19:00:00,1131.31249530082,1303.7132720259403,1170.8575
2026-01-03 20:00:00,1060.9704322947393,1237.7579964294448,1155.3775
2026-01-03 21:00:00,999.043311449989,1180.873969554684,1087.505
2026-01-03 22:00:00,948.9288695151798,1114.0910626505406,1078.6975
2026-01-03 23:00:00,910.5660054788304,1076.8209389819992,1038.585
2026-01-04 00:00:00,882.6224790395777,1045.7752155283295,991.0775
2026-01-04 01:00:00,872.6270045335339,1053.9234751605104,976.4375
2026-01-04 02:00:00,891.810741026222,1058.825146749369,1006.485
2026-01-04 03:00:00,905.5545622726593,1071.589966443291,1023.485
2026-01-04 04:00:00,992.8214197092784,1150.7110568448923,1025.7150000000001
2026-01-04 05:00:00,1103.532481182974,1257.673250536203,1007.025
2026-01-04 06:00:00,1191.4928665810048,1328.0365407471295,1000.9575
2026-01-04 07:00:00,1217.412182275135,1397.0625835026935,1005.095
2026-01-04 08:00:00,1219.1795907619553,1377.5004415407323,1089.28
2026-01-04 09:00:00,1208.9029940715138,1354.7105939110452,1122.0625
2026-01-04 10:00:00,1197.8451815784465,1334.6786393346974,1089.17
2026-01-04 11:00:00,1207.5943942647484,1369.0737873995356,1155.0075
2026-01-04 12:00:00,1192.7711784132248,1352.1414553276745,1152.0375
2026-01-04 13:00:00,1196.893365357808,1330.467212020855,1165.1399999999999
2026-01-04 14:00:00,1217.0668215288852,1385.157589845688,1195.015
2026-01-04 15:00:00,1234.3742785331256,1410.079852057795,1245.8125
2026-01-04 16:00:00,1218.3539282175464,1377.705280655917,1254.955
2026-01-04 17:00:00,1190.5880606428616,1327.4254237960836,1244.62
2026-01-04 18:00:00,1166.5988557983296,1321.2563817853797,1147.5425
2026-01-04 19:00:00,1111.4861019818607,1264.3850340811912,1131.7475
2026-01-04 20:00:00,1041.3919799293158,1186.5020474184514,1111.33
2026-01-04 21:00:00,983.7780632542558,1122.7168548645363,1075.5774999999999
2026-01-04 22:00:00,922.3699921820894,1072.9553097926716,1045.5149999999999
2026-01-04 23:00:00,911.0228673962905,1077.1983956333038,949.37
2026-01-05 00:00:00,955.3387119845306,1088.27669473104,961.0675
2026-01-05 01:00:00,942.8855689366194,1084.1929580193998,978.505
2026-01-05 02:00:00,963.204856421736,1136.061313228371,1005.1975
2026-01-05 03:00:00,989.6178359372535,1140.9655619081718,991.34
2026-01-05 04:00:00,1080.0633585956825,1227.1162188595224,1059.815
2026-01-05 05:00:00,1201.2611986053244,1329.1326449436892,1218.6950000000002
2026-01-05 06:00:00,1293.4080033342912,1443.1072583423868,1349.1675
2026-01-05 07:00:00,1324.1723921596772,1511.2560403356565,1377.0575
2026-01-05 08:00:00,1336.4411240418904,1523.7892624228643,1390.8725
2026-01-05 09:00:00,1328.746087204661,1504.1985135683167,1412.7275
2026-01-05 10:00:00,1316.7543159339195,1498.3353739824013,1391.615
2026-01-05 11:00:00,1336.1299495954936,1519.1563163859673,1412.85
2026-01-05 12:00:00,1322.1695648965406,1515.464219545693,1409.1425
2026-01-05 13:00:00,1330.641976024885,1510.1926669611203,1425.325
2026-01-05 14:00:00,1353.6741817056893,1555.9293034310763,1420.8575
2026-01-05 15:00:00,1390.3490599071756,1566.2604589120604,1458.195
2026-01-05 16:00:00,1367.150868430427,1539.239651772849,1441.505
2026-01-05 17:00:00,1356.735652347884,1605.5758472890202,1430.185
2026-01-05 18:00:00,1321.8839475932086,1548.9179615989563,1420.375
2026-01-05 19:00:00,1283.3988991240615,1507.772533957925,1388.305
2026-01-05 20:00:00,1230.0226649311608,1434.9500796297666,1339.3075000000001
2026-01-05 21:00:00,1160.2949964499535,1425.4729569394776,1244.945
2026-01-05 22:00:00,1120.6812589624312,1410.2395897884826,1197.74
2026-01-05 23:00:00,1114.0058904754028,1346.6141897397742,1172.7549999999999
2026-01-06 00:00:00,1099.5015785103865,1359.9917820520918,1149.1225
2026-01-06 01:00:00,1101.412705664428,1379.2899233694989,1162.72
2026-01-06 02:00:00,1115.3497151109098,1396.263683859248,1167.9575
2026-01-06 03:00:00,1143.1077109193009,1425.932785837784,1199.2375
2026-01-06 04:00:00,1236.871072480106,1504.4191117522419,1318.8625
2026-01-06 05:00:00,1354.7432835739496,1631.1788830465541,1429.3725
2026-01-06 06:00:00,1459.7819876800086,1753.9799053097709,1486.8775
2026-01-06 07:00:00,1473.5633692662796,1735.6216918782334,1493.22
2026-01-06 08:00:00,1488.8117786233454,1785.8139977766764,1487.8700000000001
2026-01-06 09:00:00,1481.3470922533531,1816.56222045618,1480.82
2026-01-06 10:00:00,1467.5478179705394,1756.9479987746201,1464.965
2026-01-06 11:00:00,1476.4414282332605,1763.6810489632476,1491.2075
2026-01-06 12:00:00,1472.337727118355,1821.1947501122565,1489.3125
2026-01-06 13:00:00,1470.3421485301767,1749.474711658028,1487.5675
2026-01-06 14:00:00,1495.3044939251333,1835.827979229172,1476.805
2026-01-06 15:00:00,1510.0119828040647,1780.4359292191434,1461.3175
2026-01-06 16:00:00,1482.8392483341083,1775.1612246713853,1412.83
2026-01-06 17:00:00,1445.3124754874627,1748.3985130062345,1382.1475
2026-01-06 18:00:00,1392.490418301364,1665.660144053473,1397.95
2026-01-06 19:00:00,1339.2072608661076,1618.2110096289402,1338.9575
2026-01-06 20:00:00,1264.1144639821005,1555.8605790227216,1271.2025
2026-01-06 21:00:00,1186.39035487727,1441.8231038498654,1185.415
2026-01-06 22:00:00,1117.6042382130388,1370.8249188148268,1150.6925
2026-01-06 23:00:00,1072.5613229105647,1351.9298012748159,1156.3375
2026-01-07 00:00:00,1051.6157484758417,1309.2617607743034,1138.4924999999998
2026-01-07 01:00:00,1036.7259974105318,1223.7856822900628,1115.4575
2026-01-07 02:00:00,1027.0235365786427,1219.8739381655562,1114.6375
2026-01-07 03:00:00,1053.820296170249,1258.6019777805484,1100.7024999999999
2026-01-07 04:00:00,1136.471846019311,1300.6201849427155,1203.2325
2026-01-07 05:00:00,1244.7535952683472,1420.7973887666399,1324.26
2026-01-07 06:00:00,1322.8655555486482,1491.8913011011261,1385.97
2026-01-07 07:00:00,1349.0092188130125,1516.9346056230236,1391.83
2026-01-07 08:00:00,1353.1986673861823,1550.3272412789884,1434.625
2026-01-07 09:00:00,1341.136406858619,1509.4828567266145,1431.5475000000001
2026-01-07 10:00:00,1327.046164941736,1501.52325064585,1448.9075
2026-01-07 11:00:00,1340.9572635780837,1528.351146564984,1441.6175
2026-01-07 12:00:00,1319.7482858819276,1495.9782867907902,1392.0
2026-01-07 13:00:00,1340.4365181258484,1499.7132786759414,1356.7075
2026-01-07 14:00:00,1345.9955748083573,1524.7529885583424,1361.1725000000001
2026-01-07 15:00:00,1375.1631886911625,1561.2403217108147,1359.8125
2026-01-07 16:00:00,1357.9182679015628,1570.6993409158895,1386.9025000000001
2026-01-07 17:00:00,1334.3492606334223,1526.5328288508736,1359.6299999999999
2026-01-07 18:00:00,1303.9813911671235,1488.0368598614668,1334.1875
2026-01-07 19:00:00,1244.2260690908142,1396.4285037782115,1288.9524999999999
2026-01-07 20:00:00,1185.305663604787,1376.6145614847512,1214.8274999999999
2026-01-07 21:00:00,1122.126525775872,1315.878585892956,1166.175
2026-01-07 22:00:00,1069.2227272766452,1290.161272106601,1143.6425
2026-01-07 23:00:00,1044.7623046236258,1267.5700445040377,1111.3425
2026-01-08 00:00:00,1035.6167242102636,1213.5299463064425,1113.1
2026-01-08 01:00:00,1017.9790265131068,1207.6273037882168,1142.0375
2026-01-08 02:00:00,1024.048929286001,1219.4981887122285,1129.275
2026-01-08 03:00:00,1070.5319816298602,1270.4525436233973,1098.8475
2026-01-08 04:00:00,1148.634048954849,1373.3623756229304,1149.2525
2026-01-08 05:00:00,1261.3053626668516,1506.3843683232426,1295.31
2026-01-08 06:00:00,1359.2131834617703,1589.3770964972966,1361.505
2026-01-08 07:00:00,1375.8880447502336,1575.1517206700278,1398.1825
2026-01-08 08:00:00,1381.8565417494651,1602.5343608191374,1408.56
2026-01-08 09:00:00,1369.1854945628445,1578.8871968036365,1419.2075
2026-01-08 10:00:00,1356.3839705550472,1559.1197238358777,1400.6825
2026-01-08 11:00:00,1365.809446382456,1534.2730870741934,1424.885
2026-01-08 12:00:00,1354.2560807606976,1553.41013685521,1414.4425
2026-01-08 13:00:00,1357.4243241398538,1582.5367543986406,1399.9625
2026-01-08 14:00:00,1381.2579743445865,1591.938291894592,1385.4825
2026-01-08 15:00:00,1389.058665618922,1578.7901248976639,1403.685
2026-01-08 16:00:00,1368.000132271508,1555.4244491149634,1372.6325
2026-01-08 17:00:00,1343.3844189411493,1573.849128551842,1356.9075
2026-01-08 18:00:00,1300.2785831531683,1515.344445835576,1293.5900000000001
2026-01-08 19:00:00,1253.7618686575574,1439.8283416184145,1277.8675
2026-01-08 20:00:00,1187.9971061294123,1386.2655114918998,1247.585
2026-01-08 21:00:00,1111.417578894813,1301.0683740962236,1235.73
2026-01-08 22:00:00,1066.3979048120161,1245.2972269936881,1173.3375
2026-01-08 23:00:00,1030.67962334426,1196.470823472552,1098.87
2026-01-09 00:00:00,1014.6223573428017,1191.8570246656457,1095.195
2026-01-09 01:00:00,994.9179828305927,1161.30557847879,1080.9875
2026-01-09 02:00:00,1001.0323929248182,1206.7507339218216,1138.7024999999999
2026-01-09 03:00:00,1021.2359518210818,1194.437698515826,1149.6975
2026-01-09 04:00:00,1126.0962038265384,1305.6443502629459,1239.0125
2026-01-09 05:00:00,1228.873033566132,1409.513977741356,1362.26
2026-01-09 06:00:00,1313.6122210035455,1470.6440701025574,1347.605
2026-01-09 07:00:00,1345.4808449802463,1519.6960978786278,1393.2025
2026-01-09 08:00:00,1360.2070449806158,1586.1411999613883,1425.6125
2026-01-09 09:00:00,1340.875836077791,1555.2490345690733,1467.01
2026-01-09 10:00:00,1322.6279567476438,1499.786901025753,1397.5625
2026-01-09 11:00:00,1328.2661703951217,1493.231134774096,1462.4125
2026-01-09 12:00:00,1320.8190990951437,1482.405482773981,1485.6075
2026-01-09 13:00:00,1326.8526961359908,1499.9697826596268,1476.025
2026-01-09 14:00:00,1342.0145632090848,1515.882119851843,1464.5375
2026-01-09 15:00:00,1359.7583998474167,1550.4120334135657,1448.935
2026-01-09 16:00:00,1343.4118034897288,1524.273389588133,1425.315
2026-01-09 17:00:00,1316.8241064510428,1527.7796842651123,1390.3600000000001
2026-01-09 18:00:00,1271.3020336677284,1450.7225021825543,1335.25
2026-01-09 19:00:00,1236.7528944399812,1437.5924260043316,1275.71
2026-01-09 20:00:00,1155.1071746747245,1337.7924418912917,1194.1075
2026-01-09 21:00:00,1081.6585445062558,1252.0055461387021,1193.4850000000001
2026-01-09 22:00:00,1037.7171285917132,1198.8487798212202,1157.175
2026-01-09 23:00:00,1008.3731245109831,1184.1329954699972,1126.81
2026-01-10 00:00:00,939.3099183662732,1132.5860278870048,1099.83
2026-01-10 01:00:00,921.9759854770601,1112.2888944267163,1083.3625
2026-01-10 02:00:00,923.5177990713833,1103.5810988398869,1076.7275
2026-01-10 03:00:00,946.6077237263286,1135.561335630951,1083.0625
2026-01-10 04:00:00,1044.6236124660393,1235.1085550857738,1100.3375
2026-01-10 05:00:00,1158.364080197936,1340.0382339605512,1150.2725
2026-01-10 06:00:00,1230.2269004525308,1424.468680346267,1212.8225
2026-01-10 07:00:00,1266.8250597571453,1488.8187547684736,1245.8
2026-01-10 08:00:00,1265.737215270844,1478.0492896852406,1332.93
2026-01-10 09:00:00,1269.3462981063312,1502.1610735897975,1345.7725
2026-01-10 10:00:00,1249.3115036611316,1433.0128949809887,1342.4875
2026-01-10 11:00:00,1262.8534241508776,1467.7090488741294,1358.7425
2026-01-10 12:00:00,1249.2546231280814,1452.4632200386256,1314.53
2026-01-10 13:00:00,1248.0147300002761,1466.263591099079,1200.445
2026-01-10 14:00:00,1276.9612160037123,1508.474996160505,1238.8125
2026-01-10 15:00:00,1295.0626334290798,1505.1069609395763,1286.5775
2026-01-10 16:00:00,1264.7203206288316,1475.4403467028262,1324.6575
2026-01-10 17:00:00,1259.7691674573105,1454.4580411527393,1346.4925
2026-01-10 18:00:00,1220.8387027409503,1417.073645086698,1233.47
2026-01-10 19:00:00,1151.198892413255,1335.4564903573998,1168.1475
2026-01-10 20:00:00,1092.0168367212036,1288.0196713337725,1148.625
2026-01-10 21:00:00,1011.6473602044903,1196.5435435877607,1119.2225
2026-01-10 22:00:00,964.1717777935552,1160.250671128652,1118.83
2026-01-10 23:00:00,932.1738079753039,1131.8935077134706,1135.045
2026-01-11 00:00:00,907.9287709357335,1120.7124317103357,1122.8675
2026-01-11 01:00:00,904.3827105500454,1081.5630357172324,1027.5825
2026-01-11 02:00:00,912.4398253702327,1142.33501173387,1032.86
2026-01-11 03:00:00,936.0113363967722,1126.2203351678806,1040.2675
2026-01-11 04:00:00,1031.1037634071884,1228.2846387030036,1056.43
2026-01-11 05:00:00,1134.0459144175056,1293.3522246999123,1127.4525
2026-01-11 06:00:00,1222.200729097537,1410.0562742330083,1152.445
2026-01-11 07:00:00,1230.0993678865643,1441.1236225265648,1158.885
2026-01-11 08:00:00,1257.2899895307683,1420.9567727047372,1164.0900000000001
2026-01-11 09:00:00,1237.3090130652674,1436.0812300898785,1219.71
2026-01-11 10:00:00,1218.4618830055986,1382.3461877870182,1224.505
2026-01-11 11:00:00,1235.0071310210765,1411.2316602569383,1217.2625
2026-01-11 12:00:00,1221.583891584805,1395.4500012515887,1226.925
2026-01-11 13:00:00,1225.9568517341306,1379.5513775424804,1226.9475
2026-01-11 14:00:00,1242.4203482582343,1384.7061253353188,1249.76
2026-01-11 15:00:00,1263.0888589714436,1422.3245875005227,1208.9275
2026-01-11 16:00:00,1242.8896483237854,1397.9120090932654,1275.675
2026-01-11 17:00:00,1208.9773836683516,1374.482444408617,1256.345
2026-01-11 18:00:00,1168.3688351573933,1298.5036087454612,1235.75
2026-01-11 19:00:00,1121.3335903188206,1274.5982802321987,1093.5875
2026-01-11 20:00:00,1060.3814709677254,1211.4863537586523,1155.32
2026-01-11 21:00:00,980.2674280802786,1139.4397265201087,1081.475
2026-01-11 22:00:00,933.7359214646884,1084.5227497262244,1054.2125
2026-01-11 23:00:00,898.792348615303,1048.686986479413,1113.105
2026-01-12 00:00:00,956.452234677222,1103.5866670719167,1127.1399999999999
2026-01-12 01:00:00,941.1399605232405,1073.1913250052044,1104.1399999999999
2026-01-12 02:00:00,943.6229115278734,1100.1899745110964,1113.8575
2026-01-12 03:00:00,969.5215859095532,1109.4631205561243,1090.0075
2026-01-12 04:00:00,1070.8926674625168,1199.9507460597176,1190.63
2026-01-12 05:00:00,1181.0551731591702,1299.1314551821024,1276.8925
2026-01-12 06:00:00,1264.4178853246435,1405.194554886479,1364.53
2026-01-12 07:00:00,1293.92487015581,1466.1547506253705,1388.855
2026-01-12 08:00:00,1306.4965601521817,1453.941970764837,1404.4724999999999
2026-01-12 09:00:00,1304.9029051322825,1515.1746412913533,1392.5225
2026-01-12 10:00:00,1280.1807768396072,1437.929421873009,1401.7124999999999
2026-01-12 11:00:00,1297.9486232860188,1457.2934784380177,1401.1125
2026-01-12 12:00:00,1289.9621165090064,1421.5647775807936,1380.31
2026-01-12 13:00:00,1295.9049619919965,1445.9408995431343,1342.3575
2026-01-12 14:00:00,1309.9241007603136,1457.7197258530875,1339.0925
2026-01-12 15:00:00,1322.058974720965,1450.2054171929512,1320.3725
2026-01-12 16:00:00,1314.8066959734256,1465.5963735263026,1335.6
2026-01-12 17:00:00,1281.6824979194582,1417.2971708821572,1289.9325
2026-01-12 18:00:00,1245.4211036329727,1393.7924445030137,1293.1825000000001
2026-01-12 19:00:00,1199.823490016376,1332.8217070096814,1218.33
2026-01-12 20:00:00,1140.634892976219,1282.6056082010696,1175.7199999999998
2026-01-12 21:00:00,1057.3161687025602,1182.0402639735446,1114.2675
2026-01-12 22:00:00,1017.871804273612,1168.7698831339062,1091.5575
2026-01-12 23:00:00,986.1695998364364,1135.3300926961476,1131.0425
2026-01-13 00:00:00,971.7008446559926,1125.5222918483269,1147.0775
2026-01-13 01:00:00,961.3781000506119,1130.3395545126093,1150.8175
2026-01-13 02:00:00,977.8612332138448,1160.8996172752413,1141.4125
2026-01-13 03:00:00,1003.4066857187089,1144.567242223056,1108.2025
2026-01-13 04:00:00,1098.9143850324187,1275.1414512892336,1229.0900000000001
2026-01-13 05:00:00,1212.7783979704495,1368.4193627088378,1313.7275
2026-01-13 06:00:00,1295.0055779092947,1444.0326106122354,1446.735
2026-01-13 07:00:00,1333.4990192013854,1486.3624878909482,1439.7
2026-01-13 08:00:00,1345.6179478446354,1519.5073640098897,1517.5325
2026-01-13 09:00:00,1341.4392472145141,1519.2476577666537,1507.38
2026-01-13 10:00:00,1326.8503453085991,1524.93127209828,1453.405
2026-01-13 11:00:00,1340.496638986602,1497.569327135276,1425.1475
2026-01-13 12:00:00,1343.292457096475,1530.807895862985,1331.535
2026-01-13 13:00:00,1340.4832167889842,1535.8218613941654,1405.3325
2026-01-13 14:00:00,1365.9214623976015,1538.3514620220292,1428.0625
2026-01-13 15:00:00,1394.2647048696974,1600.8377628510652,1434.8875
2026-01-13 16:00:00,1376.6205670272404,1559.5750299118345,1347.1425
2026-01-13 17:00:00,1357.0718584334606,1570.6998705950423,1395.5225
2026-01-13 18:00:00,1325.331654931053,1548.0884330326535,1379.0349999999999
2026-01-13 19:00:00,1286.634238984461,1475.6351658278413,1309.06
2026-01-13 20:00:00,1215.133822335915,1468.048735160226,1250.0575
2026-01-13 21:00:00,1155.0322522433446,1378.5845923603683,1156.74
2026-01-13 22:00:00,1105.960361233894,1363.338678490433,1171.8675
2026-01-13 23:00:00,1082.219923588812,1312.965369929904,1145.0275000000001
2026-01-14 00:00:00,1074.9247370518383,1310.16821879124,1140.78
2026-01-14 01:00:00,1069.8463649715948,1324.42128191755,1150.2425
2026-01-14 02:00:00,1075.6023314036213,1335.5536385382059,1159.2175
2026-01-14 03:00:00,1097.863094952891,1329.1531997227778,1181.4825
2026-01-14 04:00:00,1191.6460447929858,1444.3619032288116,1236.7350000000001
2026-01-14 05:00:00,1296.9535992087624,1560.2001912970468,1368.31
2026-01-14 06:00:00,1391.7865340683231,1591.996649962243,1428.1375
2026-01-14 07:00:00,1408.7858973570555,1674.7256203886095,1455.5075
2026-01-14 08:00:00,1430.4572156376441,1692.205498207018,1463.0625
2026-01-14 09:00:00,1412.8125480746253,1626.6749149889918,1505.115
2026-01-14 10:00:00,1402.7536970244555,1641.8515908201987,1462.7825
2026-01-14 11:00:00,1402.8067109206486,1701.4350089612474,1491.1875
2026-01-14 12:00:00,1400.0206057337552,1675.6317383167839,1461.4424999999999
2026-01-14 13:00:00,1410.09760857563,1636.7790330900107,1495.6975
2026-01-14 14:00:00,1419.0365775273042,1684.0974520859113,1493.45
2026-01-14 15:00:00,1438.053757283215,1652.5619022436636,1487.2649999999999
2026-01-14 16:00:00,1417.7857540509767,1660.0803024793809,1430.9275
2026-01-14 17:00:00,1390.569007158772,1608.4391197888037,1394.605
2026-01-14 18:00:00,1358.6912357511908,1610.8893691025557,1368.5049999999999
2026-01-14 19:00:00,1306.4893779856766,1558.2705069511487,1319.1675
2026-01-14 20:00:00,1233.968234108145,1537.8725534040536,1266.62
2026-01-14 21:00:00,1174.1577027127385,1420.1385465595345,1197.275
2026-01-14 22:00:00,1123.4016209414572,1373.8436301734728,1195.87
2026-01-14 23:00:00,1082.8667124032536,1340.7731720530426,1184.75
2026-01-15 00:00:00,1066.7923908262894,1340.0640986361514,1179.55
2026-01-15 01:00:00,1064.8807638618646,1312.113390290416,1196.8075
2026-01-15 02:00:00,1067.6013755331596,1284.2271928592581,1175.92
2026-01-15 03:00:00,1090.310084322844,1315.6131356401918,1156.275
2026-01-15 04:00:00,1180.349320563885,1436.6046262071638,1253.295
2026-01-15 05:00:00,1295.9854985559148,1565.1662733185851,1386.455
2026-01-15 06:00:00,1373.3410182780658,1571.8077278286244,1420.845
2026-01-15 07:00:00,1414.5559560064012,1684.352303797805,1488.78
2026-01-15 08:00:00,1413.8219191213666,1662.934869469238,1489.2275
2026-01-15 09:00:00,1394.0668106686617,1636.4400734690637,1525.6925
2026-01-15 10:00:00,1381.0353383141526,1651.4153845485475,1490.6399999999999
2026-01-15 11:00:00,1393.3276534870922,1630.134823133024,1503.0674999999999
2026-01-15 12:00:00,1388.1906092820311,1607.2041721901264,1485.375
2026-01-15 13:00:00,1392.7899802131851,1667.3718467174015,1478.40875
2026-01-15 14:00:00,1398.5833945060406,1627.2821520897216,1471.4425
2026-01-15 15:00:00,1429.6750085191143,1654.1468193174433,1401.15
2026-01-15 16:00:00,1409.3609592877692,1598.5237371952167,1401.8025
2026-01-15 17:00:00,1374.2939106715355,1573.8196694334183,1410.7575
2026-01-15 18:00:00,1337.466247090658,1509.0569731052947,1351.5725
2026-01-15 19:00:00,1282.972230456096,1500.178113225854,1303.18
2026-01-15 20:00:00,1217.5145075627067,1431.1788935590355,1221.69
2026-01-15 21:00:00,1144.2263180803411,1387.9500795207114,1167.365
2026-01-15 22:00:00,1098.2353381500534,1332.3549091175819,1135.43
2026-01-15 23:00:00,1067.2261144008405,1300.6698301603178,1129.23
2026-01-16 00:00:00,1045.1036483704527,1252.8047587516512,1100.9175
2026-01-16 01:00:00,1034.1433575843919,1231.0178099955363,1082.8075
2026-01-16 02:00:00,1020.6473708808513,1205.74823586234,1100.5325
2026-01-16 03:00:00,1056.1021601433129,1249.3986297540753,1136.3125
2026-01-16 04:00:00,1127.606976713812,1310.0158908031801,1240.6875
2026-01-16 05:00:00,1241.937840705253,1417.585319237362,1297.9825
2026-01-16 06:00:00,1328.95885125083,1533.1259434482886,1345.06
2026-01-16 07:00:00,1344.4551770327523,1557.8643056176163,1349.2849999999999
2026-01-16 08:00:00,1358.6834087915247,1530.7662947487888,1394.4925
2026-01-16 09:00:00,1355.3076438432474,1590.6181300959538,1406.24
2026-01-16 10:00:00,1328.5267130918191,1509.7928668986433,1448.285
2026-01-16 11:00:00,1341.570969948808,1506.4300699706625,1449.68
2026-01-16 12:00:00,1328.2129608766388,1505.3720545934382,1430.5575
2026-01-16 13:00:00,1328.7195185647467,1510.6023596986845,1425.4475
2026-01-16 14:00:00,1341.9467968113831,1511.2731909763459,1460.595
2026-01-16 15:00:00,1363.0837262401083,1531.5423861557279,1455.91
2026-01-16 16:00:00,1347.7223034506883,1524.81019759143,1431.4825
2026-01-16 17:00:00,1319.3443953949813,1496.3387070025476,1328.52
2026-01-16 18:00:00,1273.2630782329668,1463.605555191141,1318.4775
2026-01-16 19:00:00,1230.4582147453987,1406.9662800159222,1324.2075
2026-01-16 20:00:00,1157.9516317697455,1345.4708458618961,1299.13
2026-01-16 21:00:00,1081.9593876052052,1259.635886407162,1235.3075
2026-01-16 22:00:00,1042.4170932795569,1249.0036237010079,1214.0049999999999
2026-01-16 23:00:00,1015.3111858779713,1184.4273508110655,1145.6750000000002
2026-01-17 00:00:00,933.6897272490191,1124.267767182228,1145.5
2026-01-17 01:00:00,933.8389714854848,1129.7966353822599,1175.3875
2026-01-17 02:00:00,943.0617141884956,1143.1257421857524,1126.1675
2026-01-17 03:00:00,959.0714136909684,1141.0736954244996,1112.1425
2026-01-17 04:00:00,1049.5653350121302,1214.8545426433714,1125.72
2026-01-17 05:00:00,1170.2240933557168,1356.2473723986723,1153.6575
2026-01-17 06:00:00,1258.0561753452334,1467.019918618727,1206.6375
2026-01-17 07:00:00,1280.3126129746329,1498.8877730749095,1278.2525
2026-01-17 08:00:00,1287.4335314496211,1507.9628322434903,1316.1275
2026-01-17 09:00:00,1291.8501142065493,1507.0193765148133,1305.1325
2026-01-17 10:00:00,1277.3444128326707,1457.2787945926896,1288.8625
2026-01-17 11:00:00,1274.449451133535,1445.1523511963007,1278.605
2026-01-17 12:00:00,1272.3638425444765,1467.0801669493703,1277.045
2026-01-17 13:00:00,1268.7487702954186,1437.3888410576735,1302.4775
2026-01-17 14:00:00,1289.1968429813628,1447.1094954808548,1294.13
2026-01-17 15:00:00,1309.4272152592448,1491.9759388275027,1311.9575
2026-01-17 16:00:00,1286.0509548649952,1512.8374386994092,1260.5275000000001
2026-01-17 17:00:00,1254.7151910980954,1453.949781177324,1242.4925
2026-01-17 18:00:00,1215.6072345698365,1400.2635759826505,1286.58
2026-01-17 19:00:00,1161.784030136275,1346.4313062583767,1205.1425
2026-01-17 20:00:00,1091.1987549540097,1260.5828004331795,1164.8975
2026-01-17 21:00:00,1017.5004181553297,1181.8768373503578,1109.325
2026-01-17 22:00:00,977.1601912445835,1159.8895230466844,1073.22
2026-01-17 23:00:00,941.8895483098215,1137.1263299174802,1060.155
2026-01-18 00:00:00,921.0951766924499,1075.0394363529485,1020.8925
2026-01-18 01:00:00,907.9088204242913,1077.899567650419,1042.285
2026-01-18 02:00:00,906.7266418355706,1072.6002555393302,1027.2875
2026-01-18 03:00:00,923.5877390220767,1092.6733769331358,1037.935
2026-01-18 04:00:00,1014.0274806616547,1174.783677737938,1055.3799999999999
2026-01-18 05:00:00,1122.5852939747836,1298.426569613321,1102.2525
2026-01-18 06:00:00,1204.2649050518257,1373.0481018494395,1111.2675
2026-01-18 07:00:00,1220.281147010646,1370.0369832770994,1163.99
2026-01-18 08:00:00,1231.7945827221174,1414.2754575000397,1192.3725
2026-01-18 09:00:00,1225.4908168322647,1368.0648164979034,1220.125
2026-01-18 10:00:00,1207.3322854204723,1355.3702700776535,1342.0375
2026-01-18 11:00:00,1212.0219127872717,1369.0566413676697,1221.065
2026-01-18 12:00:00,1198.5279053149561,1384.5967267543044,1194.87
2026-01-18 13:00:00,1206.8505768020393,1353.1006183579332,1169.8775
2026-01-18 14:00:00,1218.2997199471638,1361.6521269786156,1166.8325
2026-01-18 15:00:00,1245.6587814962138,1396.114135249717,1224.5925
2026-01-18 16:00:00,1232.4694508647733,1382.6675909838104,1297.0325
2026-01-18 17:00:00,1187.7440592630817,1332.899199941638,1268.845
2026-01-18 18:00:00,1167.4705207664988,1307.7123130373852,1235.245
2026-01-18 19:00:00,1110.1288552531078,1268.2260903036686,1189.9850000000001
2026-01-18 20:00:00,1043.6312838612878,1198.0331337368848,1142.1950000000002
2026-01-18 21:00:00,973.7390466353197,1116.144957863096,1081.5825
2026-01-18 22:00:00,924.8073415034366,1046.3439996762015,1074.92
2026-01-18 23:00:00,891.4397477141658,1044.361584173436,1067.33
2026-01-19 00:00:00,949.9900528219175,1105.3681989837507,1088.685
2026-01-19 01:00:00,946.6209720652408,1096.3686920569517,1121.1725000000001
2026-01-19 02:00:00,950.2508171181433,1086.6443295673178,1156.6825
2026-01-19 03:00:00,976.3276836528571,1109.6803007515996,1157.15
2026-01-19 04:00:00,1072.2833628362184,1233.5860054441332,1217.975
2026-01-19 05:00:00,1176.248287932415,1300.6213532753638,1325.7225
2026-01-19 06:00:00,1271.1895180527968,1406.1625091170097,1437.675
2026-01-19 07:00:00,1296.0516231475467,1422.1765255475461,1450.0575
2026-01-19 08:00:00,1299.6694202369756,1458.4792682440625,1480.2475
2026-01-19 09:00:00,1302.8904000189123,1454.9914524070455,1467.7024999999999
2026-01-19 10:00:00,1292.8208862459617,1441.346956918028,1461.2825
2026-01-19 11:00:00,1302.5931776258667,1458.3030232092515,1442.3625
2026-01-19 12:00:00,1284.879359770539,1437.6457371980541,1415.045
2026-01-19 13:00:00,1299.6746920067135,1468.2313119157664,1396.5625
2026-01-19 14:00:00,1318.8069955619983,1501.7872920389743,1411.7150000000001
2026-01-19 15:00:00,1342.4333754310012,1522.7229137703996,1423.075
2026-01-19 16:00:00,1322.8145710808615,1493.429181468222,1382.6225
2026-01-19 17:00:00,1303.7841393815725,1481.5694191215364,1408.61
2026-01-19 18:00:00,1269.80258752083,1446.2977247389344,1346.85
2026-01-19 19:00:00,1220.3670650525994,1390.3182870555338,1299.925
2026-01-19 20:00:00,1162.311207903781,1323.6278839100726,1250.8899999999999
2026-01-19 21:00:00,1095.7235002018442,1278.4678837531699,1174.43
2026-01-19 22:00:00,1051.2040469244537,1246.460797395562,1133.5975
2026-01-19 23:00:00,1018.5794508592647,1203.1731998406265,1128.185
2026-01-20 00:00:00,1010.9065097328333,1175.5615549941524,1140.595
2026-01-20 01:00:00,1001.9810347406825,1190.1584649969654,1156.6375
2026-01-20 02:00:00,1013.6940106587913,1217.0282051508086,1175.9925
2026-01-20 03:00:00,1044.587689247669,1206.8214150576866,1163.0900000000001
2026-01-20 04:00:00,1129.457938493119,1352.1226405237276,1260.0425
2026-01-20 05:00:00,1240.231139749652,1418.8872711421602,1353.335
2026-01-20 06:00:00,1325.6337706939976,1511.4617816056643,1415.69
2026-01-20 07:00:00,1356.7382133676285,1553.5759825292469,1505.75
2026-01-20 08:00:00,1361.6296816832466,1552.7611428328803,1461.395
2026-01-20 09:00:00,1361.4403882383467,1591.495875004677,1491.1725
2026-01-20 10:00:00,1347.5304106294914,1560.2816982450095,1562.745
2026-01-20 11:00:00,1359.1525044456823,1547.30923734122,1514.6950000000002
2026-01-20 12:00:00,1352.0136890981316,1545.4859494718714,1452.165
2026-01-20 13:00:00,1361.9486328072019,1519.9003065997274,1445.475
2026-01-20 14:00:00,1375.6573981286283,1593.4621472022163,1426.0025
2026-01-20 15:00:00,1390.1464841083525,1600.3993334679924,1399.2875
2026-01-20 16:00:00,1390.252068170662,1616.5837725859024,1329.915
2026-01-20 17:00:00,1346.991098998874,1559.4439319062324,1383.53
2026-01-20 18:00:00,1306.0897996641643,1525.3210238712581,1373.9175
2026-01-20 19:00:00,1265.6982529047275,1493.9591512653299,1337.135
2026-01-20 20:00:00,1193.4856264638559,1394.2858920952187,1273.8425
2026-01-20 21:00:00,1115.6008129623392,1307.0746008444523,1195.97
2026-01-20 22:00:00,1071.7410084604123,1277.1903445145804,1174.965
2026-01-20 23:00:00,1042.6599744175674,1249.4588141165243,1163.395
2026-01-21 00:00:00,1027.1319942181713,1233.2022090052658,1157.5225
2026-01-21 01:00:00,1016.9728889696786,1206.7619142647316,1168.265
2026-01-21 02:00:00,1014.4496010695331,1181.6942174657831,1174.6200000000001
2026-01-21 03:00:00,1042.7984777460804,1213.79513439474,1188.41
2026-01-21 04:00:00,1135.5000227587038,1317.0325244508483,1265.455
2026-01-21 05:00:00,1230.2155493150715,1412.0694720897002,1296.945
2026-01-21 06:00:00,1305.837946861856,1535.5228354462522,1324.0175
2026-01-21 07:00:00,1335.3240001976699,1522.9693219038393,1339.585
2026-01-21 08:00:00,1334.427720921322,1511.8486376052115,1369.47
2026-01-21 09:00:00,1324.6458707729594,1499.5505663899032,1430.315
2026-01-21 10:00:00,1299.0401888152292,1479.645922654013,1444.615
2026-01-21 11:00:00,1309.8340120174971,1474.8195135364506,1472.28
2026-01-21 12:00:00,1282.0714683602962,1458.1516392903877,1475.775
2026-01-21 13:00:00,1291.4917241761786,1453.8950699559396,1452.8374999999999
2026-01-21 14:00:00,1302.1998755244072,1444.1588868038584,1392.04
2026-01-21 15:00:00,1327.3324538393397,1485.8924117089593,1403.9225000000001
2026-01-21 16:00:00,1314.569417394195,1471.8350555155068,1408.0925
2026-01-21 17:00:00,1275.4086588358932,1429.412032301357,1405.7350000000001
2026-01-21 18:00:00,1224.6837199364531,1398.167012923005,1360.9650000000001
2026-01-21 19:00:00,1181.8579292808179,1321.007791502167,1313.6875
2026-01-21 20:00:00,1115.6259067670048,1300.1677942233323,1235.7424999999998
2026-01-21 21:00:00,1034.5190280271295,1187.0400028259376,1164.0149999999999
2026-01-21 22:00:00,992.8797139733452,1135.0302517380544,1139.635
2026-01-21 23:00:00,947.5772610415169,1078.5737366913784,1123.2375
2026-01-22 00:00:00,944.8076670749272,1081.9639357663957,1168.0425
2026-01-22 01:00:00,930.5417006328112,1072.4621088692977,1191.9375
2026-01-22 02:00:00,939.6148051628304,1092.7631576883437,1198.8125
2026-01-22 03:00:00,964.6841010697806,1132.0159146904043,1127.08
2026-01-22 04:00:00,1065.3658485759465,1191.5337370915963,1213.8525
2026-01-22 05:00:00,1177.979995038862,1334.0731773692291,1338.2275
2026-01-22 06:00:00,1260.0595994094622,1423.0934665766324,1325.0375
2026-01-22 07:00:00,1308.8986730669646,1438.0994464776486,1372.4275
2026-01-22 08:00:00,1310.6812657313644,1479.6908696441883,1445.06
2026-01-22 09:00:00,1309.2355428125882,1467.0408009262237,1494.4975
2026-01-22 10:00:00,1294.5891734703632,1451.6776554127405,1485.3899999999999
2026-01-22 11:00:00,1298.8390030154071,1460.4482191883437,1499.93
2026-01-22 12:00:00,1296.797890594088,1475.7540774752333,1481.755
2026-01-22 13:00:00,1310.3573356416578,1473.0898689364494,1488.0175
2026-01-22 14:00:00,1331.1444044033474,1487.1469751663367,1464.3899999999999
2026-01-22 15:00:00,1353.0657839280257,1516.0644026612533,1471.445
2026-01-22 16:00:00,1351.180947006686,1487.1825023960532,1472.6875
2026-01-22 17:00:00,1319.8196348500749,1513.2230295303848,1445.7
2026-01-22 18:00:00,1280.5123008896167,1444.8132953547097,1398.68
2026-01-22 19:00:00,1247.2113789932778,1422.7739259315936,1338.555
2026-01-22 20:00:00,1183.1502063372643,1381.5119979350745,1222.685
2026-01-22 21:00:00,1108.799683752725,1288.6536325675067,1171.0124999999998
2026-01-22 22:00:00,1067.3208670787876,1256.0991552312755,1210.435
2026-01-22 23:00:00,1030.1210344761234,1207.5184341750723,1167.955
2026-01-23 00:00:00,1028.726071541464,1206.1632496598863,1171.0725
2026-01-23 01:00:00,1009.7430985059374,1214.7899558025563,1166.6175
2026-01-23 02:00:00,1033.6667050357198,1230.6929216222343,1165.2175
2026-01-23 03:00:00,1055.946643013661,1226.5611754442575,1125.6399999999999
2026-01-23 04:00:00,1141.188989617676,1310.7024525123309,1214.355
2026-01-23 05:00:00,1250.4236853843013,1462.5987441561288,1343.2
2026-01-23 06:00:00,1337.3294983990575,1556.698162196895,1412.3775
2026-01-23 07:00:00,1365.2246095507217,1561.117978366537,1362.295
2026-01-23 08:00:00,1371.6027413577278,1579.4441038945874,1408.4625
2026-01-23 09:00:00,1368.880593817104,1563.769900640278,1485.1
2026-01-23 10:00:00,1358.9995085440264,1579.858853104458,1483.13
2026-01-23 11:00:00,1369.178389126125,1571.49492137096,1492.32
2026-01-23 12:00:00,1365.7582417725728,1566.5284212564627,1470.3
2026-01-23 13:00:00,1365.9475917375319,1577.7622785984004,1448.42
2026-01-23 14:00:00,1391.5901153705295,1605.0617153273372,1445.5925
2026-01-23 15:00:00,1404.2286606530658,1614.111031268253,1465.18
2026-01-23 16:00:00,1385.966596233805,1604.1192276698587,1416.665
2026-01-23 17:00:00,1364.9127201778942,1582.4960197810549,1375.8475
2026-01-23 18:00:00,1322.3302512423134,1549.5508947813566,1384.4524999999999
2026-01-23 19:00:00,1272.7106238545632,1457.8479525158405,1348.4225000000001
2026-01-23 20:00:00,1210.3221087445856,1386.3248573989931,1300.3600000000001
2026-01-23 21:00:00,1143.9377308828716,1325.631706289085,1219.1374999999998
2026-01-23 22:00:00,1093.0497882885743,1299.8663893586518,1226.915
2026-01-23 23:00:00,1085.6689553974547,1286.6409033493987,1164.1275
2026-01-24 00:00:00,995.4977062349623,1256.0130482169493,1151.185
2026-01-24 01:00:00,987.071946919309,1251.8207925727845,1142.3325
2026-01-24 02:00:00,994.6386374897461,1241.753614298297,1146.03
2026-01-24 03:00:00,1025.6219365337597,1248.1487011559634,1160.225
2026-01-24 04:00:00,1124.3575469397533,1348.9641911240967,1158.14
2026-01-24 05:00:00,1226.5455669297755,1447.2942344020264,1203.7649999999999
2026-01-24 06:00:00,1312.1847164534859,1554.9491415964196,1246.0275000000001
2026-01-24 07:00:00,1355.4678979904616,1617.2126584820023,1285.58
2026-01-24 08:00:00,1361.8889755968203,1631.571404033728,1352.6075
2026-01-24 09:00:00,1347.086060757885,1592.1669522205932,1380.17
2026-01-24 10:00:00,1339.399766770002,1606.8965228495722,1333.5325
2026-01-24 11:00:00,1353.5541320317584,1595.177184206186,1327.3625
2026-01-24 12:00:00,1338.6883442989208,1590.169396781187,1344.1975
2026-01-24 13:00:00,1346.8786271196402,1588.3805442225384,1341.9425
2026-01-24 14:00:00,1360.5286547450282,1604.0217671510022,1386.9450000000002
2026-01-24 15:00:00,1383.8478921929857,1631.0268801732755,1426.5425
2026-01-24 16:00:00,1378.3381897379588,1646.3997362600524,1449.0675
2026-01-24 17:00:00,1339.703981570093,1558.1458614482237,1433.315
2026-01-24 18:00:00,1309.6583653389082,1580.6049121930282,1370.27
2026-01-24 19:00:00,1261.227646107624,1572.6096395039108,1339.7925
2026-01-24 20:00:00,1211.4085907647777,1457.5677296996369,1285.415
2026-01-24 21:00:00,1128.4620238969437,1393.825228044409,1279.0774999999999
2026-01-24 22:00:00,1084.764476480824,1325.4601217583208,1273.9924999999998
2026-01-24 23:00:00,1059.8335914632817,1319.9659474289874,1233.935
2026-01-25 00:00:00,1047.3655526665257,1308.132548302051,1151.0125
2026-01-25 01:00:00,1046.0151577150482,1307.7640751833746,1167.9675
2026-01-25 02:00:00,1050.348627778209,1335.993365837758,1204.9125
2026-01-25 03:00:00,1080.5402194007675,1383.9648824317003,1219.96
2026-01-25 04:00:00,1172.0943518235883,1453.3388254575407,1241.88
2026-01-25 05:00:00,1297.2068783118423,1592.4255059684633,1261.6075
2026-01-25 06:00:00,1374.0735252225224,1678.4347219818108,1306.78
2026-01-25 07:00:00,1408.2292208045453,1693.3167289238306,1410.135
2026-01-25 08:00:00,1422.4177563403143,1727.8865039527884,1451.69
2026-01-25 09:00:00,1413.0704476893793,1747.4508698432587,1419.87
2026-01-25 10:00:00,1409.8911159713375,1712.0592318331508,1375.9875
2026-01-25 11:00:00,1432.4861253845336,1755.5161251318996,1371.2
2026-01-25 12:00:00,1412.202758160634,1746.4285018788069,1379.8575
2026-01-25 13:00:00,1413.607800868602,1751.303921041106,1353.69
2026-01-25 14:00:00,1447.78373306176,1799.157068626208,1419.45
2026-01-25 15:00:00,1459.7163487741036,1801.4439032011367,1468.7325
2026-01-25 16:00:00,1445.8435185349406,1769.4531803794118,1444.3475
2026-01-25 17:00:00,1409.0111394034539,1759.8665054741894,1378.6925
2026-01-25 18:00:00,1374.2959626921574,1654.2576314311773,1354.2224999999999
2026-01-25 19:00:00,1322.5354227988696,1642.3693563476008,1330.6775
2026-01-25 20:00:00,1262.9842106258395,1584.7205738999653,1270.3200000000002
2026-01-25 21:00:00,1171.2119188690576,1509.3402211265518,1151.2525
2026-01-25 22:00:00,1122.713878861525,1425.3026602151135,1150.6425
2026-01-25 23:00:00,1085.6610066236583,1380.0700249276558,1186.225
2026-01-26 00:00:00,1131.7444536887895,1400.8166984842687,1181.8475
2026-01-26 01:00:00,1119.5236193385886,1383.4847628340574,1208.065
2026-01-26 02:00:00,1115.4547534758917,1440.4124365492394,1161.5325
2026-01-26 03:00:00,1129.587638895265,1415.9209430209428,1187.0375
2026-01-26 04:00:00,1227.8412689724664,1466.9616858833813,1276.7825
2026-01-26 05:00:00,1326.9216034082822,1581.3161450798314,1328.1275
2026-01-26 06:00:00,1390.4656490209445,1612.3218769780372,1379.7475
2026-01-26 07:00:00,1431.384758348842,1683.1686191818371,1501.5774999999999
2026-01-26 08:00:00,1431.0985460761156,1712.6899943248645,1483.04
2026-01-26 09:00:00,1416.204949282691,1690.4427482719375,1495.6425
2026-01-26 10:00:00,1390.149669652622,1634.709951925329,1452.285
2026-01-26 11:00:00,1399.1395356381954,1610.4379402004402,1438.44
2026-01-26 12:00:00,1392.4931142828852,1622.4032401482896,1423.5275
2026-01-26 13:00:00,1385.338329919768,1594.7390415524433,1462.9375
2026-01-26 14:00:00,1392.8121625881038,1623.7704790472264,1447.6475
2026-01-26 15:00:00,1416.142676021089,1607.6410240134987,1487.455
2026-01-26 16:00:00,1400.1751660887662,1616.3723685789507,1400.3274999999999
2026-01-26 17:00:00,1361.9500886201824,1549.3524843034286,1396.5625
2026-01-26 18:00:00,1318.3833307502582,1525.9669205333817,1389.5900000000001
2026-01-26 19:00:00,1274.8348486200543,1432.6225849763207,1337.8674999999998
2026-01-26 20:00:00,1196.3406475131558,1376.602090214091,1283.5425
2026-01-26 21:00:00,1108.5292013178112,1306.4052116893956,1242.0325
2026-01-26 22:00:00,1074.2857187549362,1269.2253910642926,1255.0375
2026-01-26 23:00:00,1037.5793024098818,1237.9896839605121,1154.0075
2026-01-27 00:00:00,1015.6812725936438,1206.433984146586,1150.2024999999999
2026-01-27 01:00:00,1012.7789418012953,1191.7780176927645,1182.83
2026-01-27 02:00:00,998.1423831444565,1181.0413273439024,1159.3925
2026-01-27 03:00:00,1042.8446072335937,1225.4533355680232,1176.9425
2026-01-27 04:00:00,1121.8621872041208,1300.5575714927525,1259.9950000000001
2026-01-27 05:00:00,1242.327824879467,1430.381890913772,1336.455
2026-01-27 06:00:00,1318.908823383686,1481.8900846212973,1408.8775
2026-01-27 07:00:00,1345.8135485325836,1516.415350358857,1474.645
2026-01-27 08:00:00,1344.0290969406062,1533.7759779025255,1509.77
2026-01-27 09:00:00,1341.6957122263536,1513.1838885686507,1498.58
2026-01-27 10:00:00,1317.4808121702424,1466.3584302768402,1459.9825
2026-01-27 11:00:00,1325.5529987402958,1534.502287632408,1455.58
2026-01-27 12:00:00,1313.8847045059747,1473.1657926837568,1379.7575
2026-01-27 13:00:00,1326.8122325439413,1508.5302060423178,1409.5625
2026-01-27 14:00:00,1339.2952246886919,1520.5801360694343,1441.1375
2026-01-27 15:00:00,1360.9415800364188,1540.3185066128365,1456.0875
2026-01-27 16:00:00,1346.2951932975839,1511.9554923514945,1430.1775
2026-01-27 17:00:00,1311.5607976721187,1471.2486024805241,1410.0874999999999
2026-01-27 18:00:00,1277.2282116135243,1418.5526279311514,1366.465
2026-01-27 19:00:00,1228.408703926664,1399.0652256745716,1326.42
2026-01-27 20:00:00,1167.9000743513627,1349.7668924486331,1272.075
2026-01-27 21:00:00,1082.9110708317933,1233.4987358456822,1178.5774999999999
2026-01-27 22:00:00,1037.107108852078,1208.7331668141787,1164.3025
2026-01-27 23:00:00,1012.0689933682593,1186.057016908719,1144.165
2026-01-28 00:00:00,992.7365047696544,1164.4090379338704,1140.5875
2026-01-28 01:00:00,983.0628965201747,1173.588666020566,1177.315
2026-01-28 02:00:00,999.5475363191748,1148.217034208342,1162.5475000000001
2026-01-28 03:00:00,1020.0896795311211,1182.2096460528942,1182.385
2026-01-28 04:00:00,1122.404302589899,1301.8683679353094,1298.5725
2026-01-28 05:00:00,1227.4413773741464,1388.794414880711,1382.5075000000002
2026-01-28 06:00:00,1315.2076180667998,1494.476413306197,1473.9675
2026-01-28 07:00:00,1352.5279891093744,1533.7876712332438,1559.4225
2026-01-28 08:00:00,1346.6013648612986,1520.4531213520302,1595.9850000000001
2026-01-28 09:00:00,1346.2818061436044,1535.902759369136,1544.04
2026-01-28 10:00:00,1328.7829028887434,1509.0121338353315,1514.0025
2026-01-28 11:00:00,1354.8732493658486,1538.9015084118555,1547.5575
2026-01-28 12:00:00,1333.2715536857806,1547.4171861742284,1529.995
2026-01-28 13:00:00,1334.5182751378902,1528.5741840434364,1486.2625
2026-01-28 14:00:00,1353.37152322582,1584.3690440035255,1454.5525
2026-01-28 15:00:00,1380.5602552785515,1533.6800308825075,1465.1799999999998
2026-01-28 16:00:00,1366.193428451508,1564.827665022049,1448.3675
2026-01-28 17:00:00,1336.8161912196263,1549.398084391368,1429.035
2026-01-28 18:00:00,1301.1852484443252,1559.185082657098,1402.345
2026-01-28 19:00:00,1261.8020062717007,1453.56916590399,1371.345
2026-01-28 20:00:00,1189.1248721155214,1411.7628708494474,1292.5575
2026-01-28 21:00:00,1105.965350294805,1293.403283657004,1195.645
2026-01-28 22:00:00,1073.155167292342,1244.7453366347636,1182.0900000000001
2026-01-28 23:00:00,1044.2634525853905,1264.8899830701296,1191.54
2026-01-29 00:00:00,1027.8992870345826,1243.425002657185,1256.2375
2026-01-29 01:00:00,1023.9369140266306,1222.6443252945264,1256.84
2026-01-29 02:00:00,1029.0354695842389,1238.2816696597567,1270.125
2026-01-29 03:00:00,1053.4578426838277,1270.4857199690803,1256.4
2026-01-29 04:00:00,1143.8792335514909,1346.2428985026274,1302.6825
2026-01-29 05:00:00,1260.8929199576567,1459.0177780314873,1406.53875
2026-01-29 06:00:00,1341.6139743296874,1531.9032537517517,1510.395
2026-01-29 07:00:00,1367.364280807613,1615.3475309794671,1575.3825
2026-01-29 08:00:00,1375.8268639775235,1597.652634492158,1569.7150000000001
2026-01-29 09:00:00,1370.2370747997882,1628.5460698461902,1502.915
2026-01-29 10:00:00,1361.9404069244736,1630.0226294117024,1493.535
2026-01-29 11:00:00,1378.2417548594844,1569.7770292642147,1430.6599999999999
2026-01-29 12:00:00,1366.1986817962368,1580.8791855335728,1434.5975
2026-01-29 13:00:00,1367.286509824963,1572.0356514904793,1421.3975
2026-01-29 14:00:00,1391.8863562313438,1590.0231488943136,1422.4475
2026-01-29 15:00:00,1406.0918304285694,1620.8985598122174,1421.2425
2026-01-29 16:00:00,1399.1807730248845,1584.183960101845,1465.8825000000002
2026-01-29 17:00:00,1363.3529971706541,1586.4725356154158,1473.15
2026-01-29 18:00:00,1331.8411710581238,1535.8536223704407,1424.3725
2026-01-29 19:00:00,1294.7355995378794,1502.3451846753273,1395.1225
2026-01-29 20:00:00,1210.9002894928626,1397.348103699439,1337.4325000000001
2026-01-29 21:00:00,1139.150916792775,1357.4409121737442,1277.04
2026-01-29 22:00:00,1101.4925967196343,1328.453769668924,1279.675
2026-01-29 23:00:00,1060.2417823731166,1264.4475145571641,1305.3425
2026-01-30 00:00:00,1052.9741475464123,1268.1393873215216,1290.23
2026-01-30 01:00:00,1049.2509458880777,1264.2628085254514,1344.0749999999998
2026-01-30 02:00:00,1061.5732891691134,1282.2159219096898,1296.8225
2026-01-30 03:00:00,1076.180706105371,1303.8624300088165,1291.63
2026-01-30 04:00:00,1176.3382510057072,1401.2489012179094,1369.875
2026-01-30 05:00:00,1284.3986148276679,1514.0265146579372,1442.2175
2026-01-30 06:00:00,1370.7336264196156,1577.4060556162758,1519.5925
2026-01-30 07:00:00,1389.968396278989,1577.8198126981897,1552.0774999999999
2026-01-30 08:00:00,1403.9042519543102,1627.9393123674129,1587.9425
2026-01-30 09:00:00,1396.1837659571468,1626.0351659759756,1569.695
2026-01-30 10:00:00,1388.8844045158696,1591.7084718752353,1535.2725
2026-01-30 11:00:00,1400.2484651103523,1623.558746980891,1585.8
2026-01-30 12:00:00,1395.7906465685646,1632.6139051707314,1545.4275
2026-01-30 13:00:00,1395.6835329475236,1629.2200578479906,1519.165
2026-01-30 14:00:00,1412.9176698921656,1664.3359447897017,1499.3700000000001
2026-01-30 15:00:00,1439.8680122894193,1683.2155965888624,1520.3125
2026-01-30 16:00:00,1435.7021012851994,1661.0338263723017,1517.83
2026-01-30 17:00:00,1405.5724358192572,1630.1661176256487,1476.6750000000002
2026-01-30 18:00:00,1378.8162528051328,1627.6601487958033,1482.17
2026-01-30 19:00:00,1328.5623271576153,1594.8994620572762,1471.8700000000001
2026-01-30 20:00:00,1257.1041978191486,1521.6827347664828,1389.05
2026-01-30 21:00:00,1191.6140529287868,1461.8603484736993,1326.635
2026-01-30 22:00:00,1153.9350326938086,1411.6585038682813,1314.145
2026-01-30 23:00:00,1113.6345719582964,1406.751958278099,1247.0675
2026-01-31 00:00:00,1044.58494869196,1338.8493107781026,1250.46
2026-01-31 01:00:00,1038.6193389664174,1341.7698040415748,1241.215
2026-01-31 02:00:00,1041.0757996456412,1296.2097647155385,1228.1825
2026-01-31 03:00:00,1061.6612615274553,1338.4373806711938,1230.4375
2026-01-31 04:00:00,1162.4908352365753,1437.9434891811075,1245.98
2026-01-31 05:00:00,1282.3582275958963,1545.4959126363046,1263.825
2026-01-31 06:00:00,1359.6099408949353,1621.4996322548536,1338.5275000000001
2026-01-31 07:00:00,1388.6500173246247,1682.2229175106454,1467.04
2026-01-31 08:00:00,1391.0099012385137,1671.84991793061,1464.525
2026-01-31 09:00:00,1390.7425040000278,1640.7164178535602,1450.5875
2026-01-31 10:00:00,1375.4350460090666,1685.949825906713,1404.445
2026-01-31 11:00:00,1378.6186826287835,1664.4652393982376,1354.15
2026-01-31 12:00:00,1367.9353128280554,1684.027821076331,1320.68
2026-01-31 13:00:00,1368.655435860605,1670.0401238604147,1318.7175
2026-01-31 14:00:00,1384.8372108063334,1650.0915077581703,1372.945
2026-01-31 15:00:00,1404.1923273212815,1663.7025645250649,1445.6075
2026-01-31 16:00:00,1388.665048656354,1662.535280150807,1467.5974999999999
2026-01-31 17:00:00,1363.6793722667012,1655.6914578707,1482.59
2026-01-31 18:00:00,1317.0078466738744,1612.7795832781615,1439.9075
2026-01-31 19:00:00,1271.7718906716725,1522.8894686674387,1393.49
2026-01-31 20:00:00,1200.5273560071257,1455.3242718615666,1304.42
2026-01-31 21:00:00,1129.8215174553093,1379.1153201480688,1305.775
2026-01-31 22:00:00,1084.5765104279367,1340.5058984492034,1315.31
2026-01-31 23:00:00,1057.5433947258284,1372.258189888899,1376.67
