timestamp,demand_actual,demand_p5,demand_p50,demand_p95,demand_mean
2026-01-01 00:00:00,1065.8400000000001,780.7514652006244,1010.842874965349,1226.1494625046346,1011.8035537372288
2026-01-01 01:00:00,1100.2375,786.3164893370156,1017.2330757034554,1252.5024540621587,1014.682231192317
2026-01-01 02:00:00,1075.6425,784.5498828796652,1035.6812907740268,1263.1683061947488,1026.5543976220526
2026-01-01 03:00:00,1077.965,832.0001468090726,1069.0499615819242,1308.1243332430408,1066.3419814822232
2026-01-01 04:00:00,1079.475,937.1766274883408,1173.3358718861773,1385.0917517974162,1152.722133845326
2026-01-01 05:00:00,1036.7975000000001,1021.4913672336694,1293.94155242658,1514.2052133264099,1272.865634140738
2026-01-01 06:00:00,1067.475,1122.2831061128556,1383.1969413223965,1620.758956435511,1371.6350629018632
2026-01-01 07:00:00,1141.9775,1174.7079385568813,1385.601703688123,1651.366309970093,1399.9530022654455
2026-01-01 08:00:00,1170.7,1166.8256661448534,1419.356617777053,1679.5121639580839,1409.6706293592608
2026-01-01 09:00:00,1134.0175,1150.3573898665597,1385.1048148773698,1608.0253268773374,1394.9321169528455
2026-01-01 10:00:00,1139.005,1154.3583611183537,1403.1041919264187,1670.1126528340449,1390.193811728504
2026-01-01 11:00:00,1152.215,1143.6996229796964,1390.8254987118557,1634.4920197176425,1391.7567521997032
2026-01-01 12:00:00,1180.755,1125.4270573970161,1392.5809944603125,1611.8920582132412,1381.6621094296995
2026-01-01 13:00:00,1215.1975,1162.8674910382615,1372.0338031171357,1592.8549311803745,1377.4775399796301
2026-01-01 14:00:00,1212.2675,1156.0242139658235,1392.3113848713788,1608.6490817894085,1385.045975557633
2026-01-01 15:00:00,1205.955,1178.4193216998772,1427.6396422143666,1654.564754405525,1416.990509229406
2026-01-01 16:00:00,1235.4175,1194.1737883931594,1397.6463751261515,1620.281413820573,1406.268247338467
2026-01-01 17:00:00,1224.845,1144.450508542267,1369.8689620910855,1615.1314107230107,1368.5574588697825
2026-01-01 18:00:00,1217.5225,1084.8617291820353,1327.2827240911552,1544.822857706978,1321.467952291585
2026-01-01 19:00:00,1249.42,1039.408122813882,1264.7147039166741,1517.3081522550708,1277.7013261711622
2026-01-01 20:00:00,1136.72,954.4191056578695,1208.857373489845,1444.7669632574498,1203.6091969555905
2026-01-01 21:00:00,1060.4724999999999,885.8765083466792,1129.203745565009,1366.6663379935594,1123.0138595888914
2026-01-01 22:00:00,1083.055,834.0364983349991,1072.7504835836655,1334.09725557366,1072.68911206834
2026-01-01 23:00:00,1107.235,841.7273339584593,1040.5230166258987,1262.8871651288316,1039.5775806824354
2026-01-02 00:00:00,1081.4299999999998,793.5248101813794,1010.1891537053434,1242.482713766033,1018.9149155465165
2026-01-02 01:00:00,1072.4625,802.0108656988233,1007.7902540945859,1274.324711637529,1018.7042560190598
2026-01-02 02:00:00,1077.9,825.2172283115359,1020.521651586271,1242.65824946922,1028.0165201020732
2026-01-02 03:00:00,1151.1275,868.04158964535,1038.9097549851072,1249.675507139226,1046.50237403723
2026-01-02 04:00:00,1094.5125,913.1106347695276,1127.3557179661157,1338.178624918661,1132.7787576930518
2026-01-02 05:00:00,1154.665,1010.0612580007818,1234.9437716869224,1452.7097144036338,1239.2291605648902
2026-01-02 06:00:00,1267.9524999999999,1131.2077458772328,1310.6759575602296,1536.6976496557693,1322.8345724749224
2026-01-02 07:00:00,1289.205,1153.17987676929,1355.1312545122942,1585.0672211904134,1362.4855588019109
2026-01-02 08:00:00,1289.29,1171.5009364749972,1341.6493147657875,1538.506365273417,1353.7341883315687
2026-01-02 09:00:00,1276.2150000000001,1158.885630058588,1357.4375175459918,1544.0162986764433,1351.163740505583
2026-01-02 10:00:00,1261.9325,1151.1398925478059,1331.7440020420165,1530.1267215758899,1332.6378179413764
2026-01-02 11:00:00,1246.8274999999999,1157.0635832558191,1357.9884585424982,1527.4582687775578,1346.4898988248867
2026-01-02 12:00:00,1225.435,1124.7552916941347,1327.847588457208,1524.1686426999386,1329.8001330822779
2026-01-02 13:00:00,1238.78,1162.9330512211654,1322.6925984102065,1550.2828089302088,1335.237131424946
2026-01-02 14:00:00,1315.9724999999999,1147.1054402553732,1350.7014323349222,1533.7392027575884,1344.9220499405853
2026-01-02 15:00:00,1286.1775,1181.7598750713748,1375.5632009243332,1520.4582285267902,1367.092247241254
2026-01-02 16:00:00,1279.6925,1179.9985282548498,1354.3085590816604,1558.038653643287,1354.8200070344558
2026-01-02 17:00:00,1251.6125,1142.9567380039614,1313.654843074536,1489.3608364948136,1311.3575636633695
2026-01-02 18:00:00,1182.295,1083.2604363187484,1281.5941068119946,1447.6165788746557,1275.6625683312193
2026-01-02 19:00:00,1165.3025,1058.7545947835392,1224.9946128192992,1434.0574559619454,1222.1704605616148
2026-01-02 20:00:00,1136.93,968.4651858817865,1145.6754469274329,1306.1401460744173,1138.2041970440227
2026-01-02 21:00:00,1077.265,910.9634004740674,1067.9218170801173,1239.7732791825508,1075.7305610047645
2026-01-02 22:00:00,1082.5925,858.4610482652146,1033.8654113830203,1217.8450417765923,1036.1098187162313
2026-01-02 23:00:00,1023.345,804.2498044237312,996.0537918650339,1159.904876258693,995.0629057308942
2026-01-03 00:00:00,1029.415,737.7918701784056,931.6094410326568,1093.9526417935595,926.0205635288418
2026-01-03 01:00:00,1088.995,740.7010342594016,912.7625195822493,1072.6172753448727,903.5123413365554
2026-01-03 02:00:00,1092.375,689.5739134246627,918.5681909984595,1093.0472778034077,911.857862367593
2026-01-03 03:00:00,1038.315,750.8896232463529,931.8147771638592,1103.5547235191445,938.5142706538453
2026-01-03 04:00:00,1016.505,853.6103984699341,1042.6996197259566,1207.2337148629872,1036.9202031175892
2026-01-03 05:00:00,1032.865,940.2152019327177,1146.1260216536753,1312.019509381982,1143.0091600510777
2026-01-03 06:00:00,1055.68,1058.2792321745023,1224.3098723916241,1398.9223498611234,1225.7399609246042
2026-01-03 07:00:00,1136.93,1057.316812832237,1259.6828376004712,1395.4271009268573,1250.8825667443318
2026-01-03 08:00:00,1145.615,1066.0314888684297,1267.2332971027522,1443.743012677051,1256.9559424654494
2026-01-03 09:00:00,1186.4975,1049.7279306893197,1253.0512016518965,1429.7318030754884,1248.2909066125333
2026-01-03 10:00:00,1184.0675,1047.3447847861175,1244.7949336574384,1393.0837674521936,1233.801052438383
2026-01-03 11:00:00,1094.4725,1060.1602794833225,1249.5281256037997,1419.4728936533766,1245.1801531535034
2026-01-03 12:00:00,1132.0349999999999,1042.8843896952703,1215.6919602361795,1410.437670281064,1232.808310076641
2026-01-03 13:00:00,1170.5774999999999,1078.3620217447335,1214.5150872956171,1406.122972374348,1227.8656428870283
2026-01-03 14:00:00,1239.6125,1088.5149006120716,1232.0570108402603,1403.4470622797205,1240.5432761384154
2026-01-03 15:00:00,1262.3725,1080.1079988838258,1263.5950469087502,1433.4032605906611,1267.8050553418063
2026-01-03 16:00:00,1250.7675,1041.9469031164576,1247.595599307109,1397.3921429696975,1240.0348732061188
2026-01-03 17:00:00,1224.2975,1055.6421037297869,1205.5596088113925,1338.810526684182,1201.7959174299963
2026-01-03 18:00:00,1198.8875,993.7018375033273,1193.0758546892273,1333.7931842771366,1174.8347987455993
2026-01-03 19:00:00,1170.8575,961.5349469392988,1125.5122205238104,1274.1539997280802,1117.9037943385676
2026-01-03 20:00:00,1155.3775,909.2738826643147,1062.2255586610881,1202.4740165461997,1058.2417014150867
2026-01-03 21:00:00,1087.505,806.8264604509104,974.9341074664909,1180.1292605206545,977.534708144889
2026-01-03 22:00:00,1078.6975,763.7686370161485,925.7056678149394,1083.4822039779026,922.4337133296623
2026-01-03 23:00:00,1038.585,727.5673868350511,887.6752481555391,1029.0235818612591,893.2050007267162
2026-01-04 00:00:00,991.0775,702.7121317181804,866.6112912492306,1028.1197089477964,871.705361713499
2026-01-04 01:00:00,976.4375,694.4234385947599,854.2911658451294,1032.1158057619266,862.746011507055
2026-01-04 02:00:00,1006.485,700.3943360713854,858.8482896318101,1048.7285126666766,865.1460866754012
2026-01-04 03:00:00,1023.485,711.9721972944421,889.2207440259028,1042.0623417453219,886.7734544389331
2026-01-04 04:00:00,1025.7150000000001,832.5764953339336,987.0835415474368,1158.939210459717,984.3285313257377
2026-01-04 05:00:00,1007.025,903.7634046993511,1084.39589824212,1251.995975461423,1081.2384182848866
2026-01-04 06:00:00,1000.9575,1017.7500001962366,1175.9764370798812,1321.7951871880816,1171.7350358124445
2026-01-04 07:00:00,1005.095,1022.1497524078612,1218.6320796440073,1374.5966625779752,1214.6499021371499
2026-01-04 08:00:00,1089.28,1040.157156520615,1208.4625334163622,1391.2993488788445,1212.4912304971485
2026-01-04 09:00:00,1122.0625,1051.4252451954537,1207.2435475903465,1347.9323272030322,1207.5269174865198
2026-01-04 10:00:00,1089.17,1036.337820369002,1190.6418107595068,1324.1102933245488,1186.4642165005723
2026-01-04 11:00:00,1155.0075,1048.8037213002028,1191.523378684226,1344.1106240100937,1197.6026284459006
2026-01-04 12:00:00,1152.0375,1015.0710811356802,1183.8886402736894,1371.8346724474222,1187.7902858001662
2026-01-04 13:00:00,1165.1399999999999,1012.9698695534374,1184.4740128323429,1372.5737531604111,1192.8005044994482
2026-01-04 14:00:00,1195.015,1050.0681213151965,1208.8366336961856,1375.7287320020928,1211.2318951604132
2026-01-04 15:00:00,1245.8125,1027.1265552319383,1235.210726413789,1414.1864340443246,1232.9204446785773
2026-01-04 16:00:00,1254.955,1046.4565247866865,1211.1996391892417,1376.8101926510976,1213.8589092463685
2026-01-04 17:00:00,1244.62,1026.3667627659847,1179.47798659817,1344.4940172128959,1187.8682605251774
2026-01-04 18:00:00,1147.5425,1016.1439911601688,1144.9266122259012,1333.490699342962,1150.5958525196397
2026-01-04 19:00:00,1131.7475,923.6069080191677,1104.8675221908659,1247.061897126962,1091.198675074569
2026-01-04 20:00:00,1111.33,864.6974922572758,1055.512511910033,1181.5823106945154,1042.4656336354296
2026-01-04 21:00:00,1075.5774999999999,815.209010517921,969.8019220149953,1106.9252115006552,963.1357292897314
2026-01-04 22:00:00,1045.5149999999999,725.5854648552371,907.6776455353688,1090.8450857041648,908.4577214025236
2026-01-04 23:00:00,949.37,728.429194312369,888.8218883876536,1088.0751827376748,890.7779277599049
2026-01-05 00:00:00,961.0675,806.413184994865,927.2186861978546,1087.1047433597844,931.3685341738642
2026-01-05 01:00:00,978.505,768.3930132318019,936.1303526720667,1076.7292265226595,925.472120805263
2026-01-05 02:00:00,1005.1975,792.4245381828722,920.5619474564169,1120.901938019164,939.8102969088657
2026-01-05 03:00:00,991.34,821.6199470473318,957.1036468518796,1114.7962939210872,959.1990094144053
2026-01-05 04:00:00,1059.815,905.3168472655134,1057.068759681156,1212.8170048207871,1061.585174816916
2026-01-05 05:00:00,1218.6950000000002,1036.9483952044466,1170.617264787133,1329.399703789318,1179.5617633825113
2026-01-05 06:00:00,1349.1675,1120.2930371946836,1273.160647723425,1402.6843541165724,1265.7649637518982
2026-01-05 07:00:00,1377.0575,1160.6378563440367,1310.6353309367819,1462.451297635124,1310.6351531665869
2026-01-05 08:00:00,1390.8725,1161.8041138750746,1313.7537253416476,1481.9639119808787,1318.834941964068
2026-01-05 09:00:00,1412.7275,1163.617127597356,1310.215231171362,1461.2804215507274,1314.2273574485587
2026-01-05 10:00:00,1391.615,1146.0594054050182,1303.8164656370523,1469.6392826646354,1308.5561792758826
2026-01-05 11:00:00,1412.85,1144.6681654488311,1312.8672469593062,1472.362736156402,1314.0951523128874
2026-01-05 12:00:00,1409.1425,1157.8116220815116,1325.5673480945943,1475.432503245469,1311.4637200618567
2026-01-05 13:00:00,1425.325,1164.1338701864715,1335.6965199962128,1507.6038821503828,1328.7370018869287
2026-01-05 14:00:00,1420.8575,1171.7603987159694,1327.05856236284,1484.6250874081334,1329.9747668401658
2026-01-05 15:00:00,1458.195,1212.7674729238722,1359.5288596052887,1551.5981929655763,1367.8281978032987
2026-01-05 16:00:00,1441.505,1171.0857204455015,1358.4269750557305,1509.2107382372687,1350.3215343508791
2026-01-05 17:00:00,1430.185,1139.033481496796,1307.6752859819858,1542.135319220903,1320.5203347551162
2026-01-05 18:00:00,1420.375,1091.2563715927845,1287.1779840755248,1497.8903197691575,1296.685111924021
2026-01-05 19:00:00,1388.305,1057.5252327850253,1249.2001392948393,1448.5572686820442,1246.0876769057327
2026-01-05 20:00:00,1339.3075000000001,998.5979084121828,1211.8919420350126,1397.744704701502,1196.2814043810056
2026-01-05 21:00:00,1244.945,926.6862672425771,1137.2348601731524,1320.9207776376286,1131.6710329362377
2026-01-05 22:00:00,1197.74,864.4876622465454,1096.2110376139185,1337.084635649616,1091.2898935122325
2026-01-05 23:00:00,1172.7549999999999,840.6961694285184,1063.4452990297323,1312.49381766965,1062.814382169963
2026-01-06 00:00:00,1149.1225,824.2279287027015,1062.3629963476149,1325.9168357094904,1058.2023946864758
2026-01-06 01:00:00,1162.72,815.1734976809278,1066.7263340802692,1344.4525541632445,1066.775677619617
2026-01-06 02:00:00,1167.9575,808.0813945942243,1092.4945952309984,1351.0668008144744,1074.7969076803142
2026-01-06 03:00:00,1199.2375,785.0774323412949,1107.7976428680354,1391.280548326628,1106.9036243317075
2026-01-06 04:00:00,1318.8625,905.0497775538596,1203.6580273898326,1467.2898867660535,1208.749506890472
2026-01-06 05:00:00,1429.3725,1007.5783503899813,1341.4075312413634,1571.942847531873,1323.030245677451
2026-01-06 06:00:00,1486.8775,1121.7948553921942,1407.604851179902,1678.6123981162887,1405.4028146928977
2026-01-06 07:00:00,1493.22,1151.2891541881793,1456.899616298629,1723.614809278383,1438.0490448823361
2026-01-06 08:00:00,1487.8700000000001,1159.532394249119,1443.0876870606594,1745.3165294726866,1447.7574605363877
2026-01-06 09:00:00,1480.82,1131.4020707119337,1466.5920271298064,1724.0718727403448,1450.8952185804644
2026-01-06 10:00:00,1464.965,1163.838750815638,1446.4004508630474,1705.5754798452938,1443.5372585137352
2026-01-06 11:00:00,1491.2075,1178.7928428805706,1457.5742875046012,1723.2085832115433,1445.5229219489868
2026-01-06 12:00:00,1489.3125,1108.6110074529718,1430.4795885279327,1707.8767638989088,1430.4301036529648
2026-01-06 13:00:00,1487.5675,1135.0003102030028,1440.8955849414515,1715.215465782063,1436.205798538661
2026-01-06 14:00:00,1476.805,1175.3766921357635,1448.9033252045417,1755.3778354176532,1454.5049699462327
2026-01-06 15:00:00,1461.3175,1173.8974274879786,1476.958882710301,1722.1625407939284,1474.90191141369
2026-01-06 16:00:00,1412.83,1128.5255991952417,1467.930467941283,1694.3868097003965,1450.3371353653367
2026-01-06 17:00:00,1382.1475,1080.550098094075,1417.5855479954691,1680.0741308808558,1401.5189215531461
2026-01-06 18:00:00,1397.95,1108.8532972123521,1355.7819435052986,1624.1177432172055,1361.9139524393781
2026-01-06 19:00:00,1338.9575,1038.3468751060284,1322.7804820832666,1605.0563224348712,1307.0192464306765
2026-01-06 20:00:00,1271.2025,960.6685284429639,1239.2037203453808,1485.6848666535122,1226.110573561595
2026-01-06 21:00:00,1185.415,884.6986158556689,1149.3979559684096,1368.7573744207027,1143.8088381886573
2026-01-06 22:00:00,1150.6925,864.9718548628967,1106.5845906499794,1314.3991535254336,1084.433684111739
2026-01-06 23:00:00,1156.3375,829.9204174624409,1043.3366460210677,1262.0287121833435,1043.8882041143056
2026-01-07 00:00:00,1138.4924999999998,824.4875475135179,1013.2203572980387,1251.003468523288,1026.350189882058
2026-01-07 01:00:00,1115.4575,790.5248519220727,1009.201362439198,1214.8240677113672,1008.9520429481563
2026-01-07 02:00:00,1114.6375,812.8938191475452,1006.092445702403,1187.415402271593,1000.0002338932271
2026-01-07 03:00:00,1100.7024999999999,847.7887391428216,1010.4231074649315,1207.6272918147545,1019.0042317422947
2026-01-07 04:00:00,1203.2325,952.0901755184368,1109.7392163236427,1281.0602958224315,1111.1959827891824
2026-01-07 05:00:00,1324.26,1030.8699245738815,1243.1050239011224,1386.838481753808,1221.572025725242
2026-01-07 06:00:00,1385.97,1087.623225931612,1292.036467916072,1462.0335936090512,1282.3158159519849
2026-01-07 07:00:00,1391.83,1159.303279940041,1330.1625149997608,1489.1525827251287,1321.4662730188475
2026-01-07 08:00:00,1434.625,1186.2922724532816,1327.1333664816138,1536.9762550987803,1338.169832870005
2026-01-07 09:00:00,1431.5475000000001,1187.179866068437,1322.655055238062,1505.5995851988778,1338.4755907343922
2026-01-07 10:00:00,1448.9075,1144.2547120031004,1323.8453298790919,1511.2709584907889,1324.557774166792
2026-01-07 11:00:00,1441.6175,1116.2090483618072,1322.5563210682412,1485.5826929316167,1319.2362770782152
2026-01-07 12:00:00,1392.0,1155.390265444254,1317.6734020060105,1517.7275908899387,1313.6202651996737
2026-01-07 13:00:00,1356.7075,1155.9919063331747,1324.2087623895225,1473.4147077808777,1318.3613026857897
2026-01-07 14:00:00,1361.1725000000001,1154.920655497324,1337.1046971891824,1504.3598100635563,1340.9538060047896
2026-01-07 15:00:00,1359.8125,1194.5568747944292,1350.1955217649634,1532.8512016824038,1357.1911684256077
2026-01-07 16:00:00,1386.9025000000001,1178.0182985746833,1339.2329299647354,1493.4590658059071,1350.1785220388845
2026-01-07 17:00:00,1359.6299999999999,1153.8941086213304,1315.8526050392247,1450.4769916739003,1308.6254032585625
2026-01-07 18:00:00,1334.1875,1096.9123927710486,1280.058868342779,1455.3273532733526,1274.1080124365365
2026-01-07 19:00:00,1288.9524999999999,1078.9211432405787,1230.8603039501672,1407.3581966181891,1235.8774350443227
2026-01-07 20:00:00,1214.8274999999999,952.6411711437868,1141.9255328007214,1358.3073592535263,1156.673263605257
2026-01-07 21:00:00,1166.175,911.7788053071744,1094.7165325281271,1276.1080956567603,1093.2411701323974
2026-01-07 22:00:00,1143.6425,859.2131869972261,1042.7414140519795,1266.3970625745785,1046.0887875960477
2026-01-07 23:00:00,1111.3425,832.730502863486,1013.5659729846159,1177.8763314644132,1017.2162449955526
2026-01-08 00:00:00,1113.1,809.0147005654153,995.8912909066298,1188.761631685379,1000.0314640049006
2026-01-08 01:00:00,1142.0375,827.4281976348492,993.7608095525183,1189.5940483663455,1002.8206121605882
2026-01-08 02:00:00,1129.275,783.2839780627716,1024.9012406625388,1196.3937577857312,1012.7004976700575
2026-01-08 03:00:00,1098.8475,829.5156850729588,1031.779042532215,1227.9748183567388,1030.2225912779804
2026-01-08 04:00:00,1149.2525,917.3939107042836,1115.2081280368402,1316.2694857326453,1125.0678528513472
2026-01-08 05:00:00,1295.31,1039.6069953245344,1234.5934124284006,1426.8271624286658,1237.7233790536968
2026-01-08 06:00:00,1361.505,1124.8526804252785,1310.0069773516325,1518.1451195433215,1323.2063658999166
2026-01-08 07:00:00,1398.1825,1170.3479261992054,1375.8522704433058,1589.2050806274362,1356.8885622776
2026-01-08 08:00:00,1408.56,1139.4089273315305,1374.720094750075,1544.956172163686,1363.4798963908408
2026-01-08 09:00:00,1419.2075,1192.753527500765,1355.3965891186906,1549.2675428927805,1363.8198671392186
2026-01-08 10:00:00,1400.6825,1190.8108151802935,1334.6734306383746,1527.1895214257013,1347.189825015173
2026-01-08 11:00:00,1424.885,1178.6359807177348,1357.6420950715878,1553.5099070151493,1352.09839851348
2026-01-08 12:00:00,1414.4425,1170.952934567666,1339.3410366225878,1508.950624667772,1341.748627018481
2026-01-08 13:00:00,1399.9625,1143.798474113732,1328.749793330192,1518.8118268577011,1323.8969993795606
2026-01-08 14:00:00,1385.4825,1176.031504900747,1339.5100748958246,1550.0655364342256,1356.1699184455467
2026-01-08 15:00:00,1403.685,1180.9455766134652,1376.6503531932344,1534.1040599518203,1370.2669213682184
2026-01-08 16:00:00,1372.6325,1167.1552278964234,1344.0816722251095,1510.6683596850216,1348.1625720388004
2026-01-08 17:00:00,1356.9075,1125.835902572938,1334.2569916816697,1494.4393735517442,1317.0142814697351
2026-01-08 18:00:00,1293.5900000000001,1095.9314582488776,1280.6908656699118,1467.871065874376,1277.70865816325
2026-01-08 19:00:00,1277.8675,1045.868633957096,1231.6950072843033,1420.0080924626618,1221.0357252688536
2026-01-08 20:00:00,1247.585,1003.9104821267957,1152.5787791079383,1332.4643606964792,1159.8369315218513
2026-01-08 21:00:00,1235.73,871.9404008126439,1076.8842080412205,1273.6705502220336,1076.0377712239517
2026-01-08 22:00:00,1173.3375,865.7944966224773,1025.1637653854223,1206.896592560533,1029.2130421455759
2026-01-08 23:00:00,1098.87,833.5518456510164,993.9931770837345,1176.1890520406218,996.8786828590685
2026-01-09 00:00:00,1095.195,802.3222862791936,980.068657954981,1187.8862041493787,984.6506351503128
2026-01-09 01:00:00,1080.9875,819.8479326337699,956.8714541256622,1141.4933086026244,967.7058454992886
2026-01-09 02:00:00,1138.7024999999999,812.1032033353525,981.0989711153604,1147.2967450899791,981.1658710902769
2026-01-09 03:00:00,1149.6975,827.4299407959325,998.6418794188589,1188.56137800854,1004.8031593750967
2026-01-09 04:00:00,1239.0125,944.877005677325,1099.5150382658621,1249.0674617815432,1095.8206027511403
2026-01-09 05:00:00,1362.26,1048.470492433123,1216.0645612319845,1362.9213784635642,1199.4451613851083
2026-01-09 06:00:00,1347.605,1103.9728306119482,1290.9744663258148,1469.7806400868917,1288.9871780186584
2026-01-09 07:00:00,1393.2025,1145.5893167578058,1311.5720130422046,1510.5045269893885,1318.7230995560305
2026-01-09 08:00:00,1425.6125,1160.376149505921,1317.5696319167487,1514.438443300897,1328.8392470787658
2026-01-09 09:00:00,1467.01,1155.3637841769641,1316.4653235122507,1529.9398869393435,1320.7417394748707
2026-01-09 10:00:00,1397.5625,1145.4872969130204,1310.6178399225196,1458.4218297085592,1302.573190752271
2026-01-09 11:00:00,1462.4125,1151.9923778882473,1289.0534948889522,1506.1472664908345,1307.9408777404847
2026-01-09 12:00:00,1485.6075,1145.82082303609,1289.9845277113272,1483.1073265703117,1300.7909718278256
2026-01-09 13:00:00,1476.025,1140.6768437599983,1297.0785662264493,1487.3042102976951,1301.56919009541
2026-01-09 14:00:00,1464.5375,1160.6612648093874,1319.5097481014973,1493.8553426151443,1315.4974353706345
2026-01-09 15:00:00,1448.935,1171.8888724081949,1340.5525335895104,1496.718588355465,1340.7038818887318
2026-01-09 16:00:00,1425.315,1142.0606011604898,1316.822160134836,1546.9048302169788,1320.6880446285409
2026-01-09 17:00:00,1390.3600000000001,1111.8651472983347,1290.929405275027,1485.4778018728116,1292.8726020170216
2026-01-09 18:00:00,1335.25,1088.2197450048623,1231.009498473617,1437.4060673878178,1244.8585818098231
2026-01-09 19:00:00,1275.71,1019.4851545583725,1199.645782695301,1358.9348830877857,1196.5198112577739
2026-01-09 20:00:00,1194.1075,983.1906494326284,1139.8320045223682,1295.9830590100007,1136.1774774652056
2026-01-09 21:00:00,1193.4850000000001,882.1092596242718,1053.5507815690898,1248.351412423728,1058.1606616423344
2026-01-09 22:00:00,1157.175,857.7701679889735,996.9687567678518,1186.6182583155864,1003.7020849267141
2026-01-09 23:00:00,1126.81,811.9778488934094,961.0331294252702,1189.402186995124,975.120737758655
2026-01-10 00:00:00,1099.83,723.2703383880785,916.0623771979008,1108.7104833597589,914.8834683214745
2026-01-10 01:00:00,1083.3625,691.9397447468328,894.538405575637,1091.0816176662208,898.9377240933838
2026-01-10 02:00:00,1076.7275,722.0665817869793,887.6194771008246,1071.7664376292237,889.3029985682103
2026-01-10 03:00:00,1083.0625,731.7653040311193,922.2686982364783,1122.355207529398,921.9027193113778
2026-01-10 04:00:00,1100.3375,820.3756255694049,1005.4066365773996,1225.935662500876,1020.578583577099
2026-01-10 05:00:00,1150.2725,947.9095676499275,1126.4015772009589,1343.540119154522,1135.8861671548864
2026-01-10 06:00:00,1212.8225,1027.3462181818213,1205.832557609831,1401.5760732676076,1212.8128102175046
2026-01-10 07:00:00,1245.8,1055.051561794447,1233.0209958038272,1438.7125033379343,1244.671837859976
2026-01-10 08:00:00,1332.93,1068.9544393125839,1241.8714877695916,1482.5194597371371,1254.2709027924689
2026-01-10 09:00:00,1345.7725,1070.644349410046,1236.189620852611,1449.2139048621075,1253.5577815719737
2026-01-10 10:00:00,1342.4875,1034.608917388534,1241.8069624270825,1442.9480764017803,1241.2574556744921
2026-01-10 11:00:00,1358.7425,1068.7852735623205,1237.7615025631865,1457.449996801223,1247.8627358892868
2026-01-10 12:00:00,1314.53,1039.7715437551665,1222.0963901179423,1435.138215223904,1226.2632504940418
2026-01-10 13:00:00,1200.445,1040.1134547167485,1238.5443427865744,1423.702718257338,1240.610004890727
2026-01-10 14:00:00,1238.8125,1096.177800284788,1254.6596942437018,1471.1164138016134,1256.398189267391
2026-01-10 15:00:00,1286.5775,1069.9867333384182,1256.6019108624441,1491.124616895979,1262.3337048403598
2026-01-10 16:00:00,1324.6575,1024.73022340568,1245.9414324919994,1493.9830390470458,1251.70677592868
2026-01-10 17:00:00,1346.4925,1041.1509157435664,1222.5638721417959,1429.2016205333232,1224.3728285281115
2026-01-10 18:00:00,1233.47,983.170824875007,1202.6017809760697,1399.404769077005,1194.3038696939159
2026-01-10 19:00:00,1168.1475,945.9589625252923,1151.3349817172725,1319.6301303459838,1141.998573789981
2026-01-10 20:00:00,1148.625,899.2958020015101,1063.3256995587865,1265.6693119869328,1070.5390307257821
2026-01-10 21:00:00,1119.2225,804.8959531438251,986.4477336939042,1181.6950538369958,994.0895004864628
2026-01-10 22:00:00,1118.83,772.0745901502845,960.8769736913264,1110.7010392762415,948.9922975235204
2026-01-10 23:00:00,1135.045,719.0717512952382,921.4269579287936,1110.8010419102993,916.8874366696102
2026-01-11 00:00:00,1122.8675,701.5458218890511,902.5353474216151,1109.142116468807,903.2248068207645
2026-01-11 01:00:00,1027.5825,725.0957455294295,894.7563623976348,1094.9125639074152,892.3463491341186
2026-01-11 02:00:00,1032.86,698.5307075066553,908.4756667345282,1085.3381423807587,893.5487560881676
2026-01-11 03:00:00,1040.2675,691.5708428846355,925.1641341816724,1090.2977325625525,914.7539652223982
2026-01-11 04:00:00,1056.43,783.1222006624021,1000.4713953541403,1175.1656028143364,999.4765347275969
2026-01-11 05:00:00,1127.4525,950.1755039599185,1109.5046113083904,1287.1877766840869,1121.692956604189
2026-01-11 06:00:00,1152.445,1042.521673750082,1196.399708284892,1378.28866110193,1201.3153964017354
2026-01-11 07:00:00,1158.885,1064.3123912699884,1209.4257448747098,1400.1108524416848,1224.3044598543017
2026-01-11 08:00:00,1164.0900000000001,1064.7860243651753,1233.1570445064165,1392.4196617460595,1236.992617541322
2026-01-11 09:00:00,1219.71,1037.7386728749661,1241.2156627920222,1405.2636187076819,1234.7798042490456
2026-01-11 10:00:00,1224.505,1034.3808623633934,1209.624230408925,1390.3840150289484,1215.1886604951676
2026-01-11 11:00:00,1217.2625,1069.8404365217052,1208.6275383535497,1379.1550846820062,1214.3640347619764
2026-01-11 12:00:00,1226.925,1009.7042695924066,1209.1846507219602,1372.8120110951504,1208.4036384114154
2026-01-11 13:00:00,1226.9475,1039.2779325877543,1218.3531138429476,1392.6783825356877,1208.1482861938566
2026-01-11 14:00:00,1249.76,1051.3713232015891,1203.900150606837,1406.803832234458,1223.5964663936122
2026-01-11 15:00:00,1208.9275,1087.9264051091025,1254.1140338756632,1390.4902132150123,1245.0098132140456
2026-01-11 16:00:00,1275.675,1056.5388688157684,1228.0488808711225,1396.0520016191867,1228.8384588425567
2026-01-11 17:00:00,1256.345,1046.0690647974188,1199.5666190257339,1355.9083845675295,1195.791909402944
2026-01-11 18:00:00,1235.75,979.8347402591294,1151.5524041365481,1314.9409581993098,1153.944904475932
2026-01-11 19:00:00,1093.5875,935.7128154509808,1109.4445170525278,1286.0527840050393,1111.6000876724665
2026-01-11 20:00:00,1155.32,877.7315877067922,1045.455547018605,1196.2182549655283,1040.1523509793294
2026-01-11 21:00:00,1081.475,781.7027684633615,970.3899628890626,1137.051915946563,963.0084075879801
2026-01-11 22:00:00,1054.2125,724.0885790156325,919.4258698199328,1086.315395267489,916.0426449396778
2026-01-11 23:00:00,1113.105,711.0837191500057,891.3356517996664,1084.163325285091,893.4182698997864
2026-01-12 00:00:00,1127.1399999999999,794.4167833816767,933.2691994335023,1059.0118291361791,931.4448580432991
2026-01-12 01:00:00,1104.1399999999999,801.7821684033903,929.6982718877753,1050.6134340140889,928.581385257213
2026-01-12 02:00:00,1113.8575,780.7555361247205,943.3449274201221,1046.8286386952495,930.49410116766
2026-01-12 03:00:00,1090.0075,839.6272209171734,950.3897121207076,1087.4629074455806,956.685427679873
2026-01-12 04:00:00,1190.63,919.59709200245,1055.82415909795,1183.7175864924725,1057.5577725793128
2026-01-12 05:00:00,1276.8925,1030.7805362641989,1156.6881951103126,1303.5756646387433,1165.8381402093446
2026-01-12 06:00:00,1364.53,1136.5870521552824,1231.524771616781,1378.1741606699047,1247.1581599020883
2026-01-12 07:00:00,1388.855,1133.0537656346069,1278.6044587692209,1446.2799902296008,1279.1121715966435
2026-01-12 08:00:00,1404.4724999999999,1165.510293984905,1297.322776285877,1434.0676045305277,1296.5230282333664
2026-01-12 09:00:00,1392.5225,1150.4789579871199,1276.340188710406,1421.2587423415257,1281.7065348354954
2026-01-12 10:00:00,1401.7124999999999,1114.7977542831281,1278.045736761395,1408.7821631923414,1278.408630152629
2026-01-12 11:00:00,1401.1125,1148.5163488186304,1289.247806421291,1449.2025465666518,1288.803497770578
2026-01-12 12:00:00,1380.31,1132.6073723344007,1267.1445161333631,1407.5790144778432,1270.6738149242658
2026-01-12 13:00:00,1342.3575,1109.6829069900282,1246.8109723850962,1378.2320229565362,1249.24240436931
2026-01-12 14:00:00,1339.0925,1126.1439943678213,1281.685030370169,1435.7740486069565,1286.3059680045308
2026-01-12 15:00:00,1320.3725,1156.9116775887476,1311.2975220672902,1425.201613275551,1303.2132460083276
2026-01-12 16:00:00,1335.6,1119.9400420932086,1287.0120857712736,1454.8481856439698,1283.2222642449435
2026-01-12 17:00:00,1289.9325,1104.556457737984,1258.207372288784,1410.6944306155858,1257.2360045522041
2026-01-12 18:00:00,1293.1825000000001,1077.627854850498,1219.7902055140903,1390.9407558243317,1230.962251457907
2026-01-12 19:00:00,1218.33,982.2280357280737,1181.3006209829578,1322.2803063990773,1168.3780909534382
2026-01-12 20:00:00,1175.7199999999998,944.3830014867214,1102.460560645649,1260.1746606308843,1099.9797369746325
2026-01-12 21:00:00,1114.2675,874.4927590053265,1020.5843566815082,1191.3772787521398,1028.9894435971933
2026-01-12 22:00:00,1091.5575,827.4320259360779,979.5263686021017,1137.8763606657192,981.9216400028973
2026-01-12 23:00:00,1131.0425,803.3305741563825,946.440515524895,1100.8658156219633,952.8232835295094
2026-01-13 00:00:00,1147.0775,815.1050231305645,933.7944654342316,1127.9489912934812,945.7468813092758
2026-01-13 01:00:00,1150.8175,796.1396765453005,945.8274894550619,1079.985336954278,939.5034919789836
2026-01-13 02:00:00,1141.4125,822.0183433232621,946.1874533885812,1091.584562779219,949.6918341729937
2026-01-13 03:00:00,1108.2025,839.4315515731881,981.8184874502126,1148.7914843977223,978.1137099389925
2026-01-13 04:00:00,1229.0900000000001,914.1754693795244,1061.4868132436745,1222.1750295499253,1067.7474957304732
2026-01-13 05:00:00,1313.7275,1027.7227266618486,1199.149083378658,1343.2768039910347,1193.136588987588
2026-01-13 06:00:00,1446.735,1105.8976921559336,1268.901843134437,1441.2830197469457,1274.3437146622189
2026-01-13 07:00:00,1439.7,1120.4610191637362,1307.6925680866348,1501.4511310237533,1309.2683730414435
2026-01-13 08:00:00,1517.5325,1155.559639592794,1327.7154193367594,1460.8817495303588,1318.9924224564986
2026-01-13 09:00:00,1507.38,1173.3839603630363,1326.6620062942193,1488.0864688951797,1319.748271022189
2026-01-13 10:00:00,1453.405,1176.148622548166,1303.2519850013668,1500.9281500240018,1314.7183008466798
2026-01-13 11:00:00,1425.1475,1176.2460821119703,1328.5015035480296,1518.3999665138379,1326.276859104252
2026-01-13 12:00:00,1331.535,1141.0347893962587,1325.6296548552327,1473.9299265885404,1322.7081871032608
2026-01-13 13:00:00,1405.3325,1125.8536914838594,1320.6399759299456,1487.2852991701982,1317.8911327481867
2026-01-13 14:00:00,1428.0625,1176.3778001696987,1356.4632563929163,1519.6168386723398,1352.8010510357497
2026-01-13 15:00:00,1434.8875,1178.1387192536613,1379.3441502001406,1542.6317025130327,1377.501177695958
2026-01-13 16:00:00,1347.1425,1162.417291791055,1364.7861661657817,1576.6435492091016,1355.1982845104014
2026-01-13 17:00:00,1395.5225,1124.8546079508094,1325.877923892908,1526.266469972106,1333.3570333147595
2026-01-13 18:00:00,1379.0349999999999,1110.1220963488806,1299.4201980563528,1493.3671554162843,1294.8633942488354
2026-01-13 19:00:00,1309.06,1040.4055820313588,1262.4432187122977,1465.9388324458882,1258.627968062305
2026-01-13 20:00:00,1250.0575,963.8685394100548,1178.93388351363,1381.2104056825822,1190.2382701046893
2026-01-13 21:00:00,1156.74,911.0222678618235,1124.440656449087,1315.643951727042,1116.8619850796294
2026-01-13 22:00:00,1171.8675,889.0577255742393,1068.4765419077714,1311.3786695861604,1081.2177706534558
2026-01-13 23:00:00,1145.0275000000001,841.678222581199,1055.436372885199,1252.0903320672223,1054.636356118695
2026-01-14 00:00:00,1140.78,827.6743028920166,1037.6269839825968,1260.6365839476055,1044.2517286091404
2026-01-14 01:00:00,1150.2425,807.4925892367212,1027.9424411105895,1233.764589218036,1031.5016955292422
2026-01-14 02:00:00,1159.2175,846.7444423219033,1048.3515607403665,1258.0208478882366,1046.1939075479168
2026-01-14 03:00:00,1181.4825,791.327145231464,1071.343893285485,1271.1552024557946,1066.5619109070221
2026-01-14 04:00:00,1236.7350000000001,924.4327134463363,1162.8879058215389,1357.6199968970316,1157.0082747916072
2026-01-14 05:00:00,1368.31,1041.5304325895854,1265.7264332655745,1495.15225365,1272.4170062073167
2026-01-14 06:00:00,1428.1375,1147.0249445639615,1359.2734445158103,1611.5420617495638,1360.7746532563515
2026-01-14 07:00:00,1455.5075,1173.7451924348502,1378.9205189502468,1614.38585103785,1390.656495177978
2026-01-14 08:00:00,1463.0625,1153.7105084190853,1402.9614623973823,1614.1022250674991,1397.1270639663876
2026-01-14 09:00:00,1505.115,1178.5569673386701,1414.0842717626424,1609.4609591027813,1407.2941498147802
2026-01-14 10:00:00,1462.7825,1161.5074783424577,1381.0733826288313,1593.6761142973444,1374.2224857984452
2026-01-14 11:00:00,1491.1875,1131.9398475927255,1382.3627882819524,1608.310177651052,1386.7678862644846
2026-01-14 12:00:00,1461.4424999999999,1177.9646499338776,1403.5197348278075,1610.5177397962382,1387.4561385583743
2026-01-14 13:00:00,1495.6975,1146.5245172595965,1377.0052711422554,1610.1314682631119,1382.6693610692714
2026-01-14 14:00:00,1493.45,1166.307105208895,1394.5294968357616,1648.3290391036023,1392.6455622574824
2026-01-14 15:00:00,1487.2649999999999,1189.0641418235418,1398.6049710688876,1686.2836037572288,1413.2877676220064
2026-01-14 16:00:00,1430.9275,1194.0446125348988,1399.784431993835,1642.2716681565191,1401.0630408351283
2026-01-14 17:00:00,1394.605,1150.321173078438,1367.8408893794895,1592.5647482004701,1368.8235177139647
2026-01-14 18:00:00,1368.5049999999999,1116.947912370856,1330.6233968468014,1533.1984614582263,1326.5078134363212
2026-01-14 19:00:00,1319.1675,1059.2325850331408,1265.172912147459,1487.1333274779688,1273.5620776191045
2026-01-14 20:00:00,1266.62,951.5272135119742,1203.5038573495294,1432.340859008919,1204.767583166478
2026-01-14 21:00:00,1197.275,874.6970786225888,1127.2347316641394,1389.8108998354435,1128.8557518004416
2026-01-14 22:00:00,1195.87,887.7145551095366,1081.877271530133,1344.8598914646877,1082.750555874377
2026-01-14 23:00:00,1184.75,849.313620722844,1047.9460390758195,1314.6986784763114,1044.1635014489677
2026-01-15 00:00:00,1179.55,800.0100769297834,1042.3475877035517,1234.611976192447,1032.9515427015797
2026-01-15 01:00:00,1196.8075,804.3786237771661,1029.9979267858457,1257.52609111946,1028.6261996617648
2026-01-15 02:00:00,1175.92,818.8253327445071,1031.0012145103678,1258.8839541805642,1032.6749394143728
2026-01-15 03:00:00,1156.275,828.4445247569207,1064.086164330495,1273.6898404314554,1057.9135762577093
2026-01-15 04:00:00,1253.295,910.1576829654161,1146.0988447577101,1425.1851693574615,1151.5756467398555
2026-01-15 05:00:00,1386.455,1011.1394151420839,1268.792997048482,1485.2085375180252,1258.4647748824564
2026-01-15 06:00:00,1420.845,1102.305932109089,1340.1793953288447,1570.3417279170546,1340.498953710523
2026-01-15 07:00:00,1488.78,1162.8657534930082,1387.667175791682,1596.2890180704014,1373.0728428896805
2026-01-15 08:00:00,1489.2275,1155.5627185758367,1383.3362479683592,1590.030829358421,1380.279483274554
2026-01-15 09:00:00,1525.6925,1162.4738370657199,1384.4198273477928,1594.9375629132842,1382.0243374745432
2026-01-15 10:00:00,1490.6399999999999,1137.0953144510108,1362.4765372133352,1572.6890084451388,1355.3420332548305
2026-01-15 11:00:00,1503.0674999999999,1138.2960043989901,1367.8455057555548,1582.3418324354384,1364.6130281202984
2026-01-15 12:00:00,1485.375,1143.5307043658227,1379.165934058089,1578.9414788168442,1356.316647723638
2026-01-15 13:00:00,1478.40875,1133.703081638142,1328.6957219575409,1569.8078219632587,1349.9535650762753
2026-01-15 14:00:00,1471.4425,1162.617698348398,1361.7007458892613,1593.9369705466704,1370.1752597125915
2026-01-15 15:00:00,1401.15,1168.48438332032,1412.358555382942,1603.6519135928595,1399.006158001057
2026-01-15 16:00:00,1401.8025,1159.219891751978,1374.420071755203,1616.7285796242488,1375.257556159202
2026-01-15 17:00:00,1410.7575,1135.714412919125,1362.9521778977796,1603.7031457326568,1348.7660624723073
2026-01-15 18:00:00,1351.5725,1108.495215775091,1303.9277547201395,1499.652169500067,1300.5757171558062
2026-01-15 19:00:00,1303.18,1059.24234122642,1244.505923467873,1474.07362800516,1259.2963153593953
2026-01-15 20:00:00,1221.69,983.6680122762996,1176.616574564422,1400.1021909261665,1187.612188851866
2026-01-15 21:00:00,1167.365,889.2242728813271,1097.756282097414,1335.2556174925126,1109.5755565043478
2026-01-15 22:00:00,1135.43,872.1865892230098,1049.4747458534246,1286.9846731935436,1064.1473072683136
2026-01-15 23:00:00,1129.23,850.079673995235,1020.6344955449154,1237.6678265322594,1028.412552134604
2026-01-16 00:00:00,1100.9175,802.421932575454,1008.9571622409728,1162.8032039642558,1003.5618261192644
2026-01-16 01:00:00,1082.8075,785.3507768536122,981.1403905406578,1231.2101113790263,990.9896895464567
2026-01-16 02:00:00,1100.5325,816.7522112449853,993.3165311048476,1173.9450175768175,998.9388068638556
2026-01-16 03:00:00,1136.3125,820.5782855727301,1034.7038727142196,1204.7585073243545,1019.8617908553243
2026-01-16 04:00:00,1240.6875,910.8229019100568,1112.7501745503241,1280.3219485816949,1112.861072905686
2026-01-16 05:00:00,1297.9825,1040.2017293299464,1217.1938478316506,1435.3155183649837,1221.833705208991
2026-01-16 06:00:00,1345.06,1143.1771283959235,1281.2542829042684,1507.5963479192885,1299.7400178123617
2026-01-16 07:00:00,1349.2849999999999,1142.3192634435986,1326.4437239216784,1523.6891553773833,1319.0770137861757
2026-01-16 08:00:00,1394.4925,1176.978337679715,1335.6677096167737,1549.0903279660056,1341.0305283501452
2026-01-16 09:00:00,1406.24,1137.8802089111857,1327.2169227480674,1524.2851550433827,1331.6421360484774
2026-01-16 10:00:00,1448.285,1141.2778121517556,1294.4522780281427,1508.3460369478346,1307.2882919325016
2026-01-16 11:00:00,1449.68,1159.2896776610044,1333.5292743341613,1467.5532149919252,1318.7818001681433
2026-01-16 12:00:00,1430.5575,1163.9365825729817,1293.6938664334793,1488.0646245807875,1311.032640126331
2026-01-16 13:00:00,1425.4475,1166.900183532286,1315.486872833177,1513.5333559730088,1319.6978332953568
2026-01-16 14:00:00,1460.595,1162.2896293916513,1327.9071162747823,1493.9870962277362,1324.0738431664497
2026-01-16 15:00:00,1455.91,1195.772003559142,1331.1177315408868,1524.5092641173114,1343.5866852825916
2026-01-16 16:00:00,1431.4825,1134.6889301323642,1327.833303598898,1497.553120471644,1326.3841561114336
2026-01-16 17:00:00,1328.52,1110.7265192008708,1275.3363938866542,1448.6952492790342,1288.1269171317886
2026-01-16 18:00:00,1318.4775,1111.8970062197193,1252.824962770843,1435.7299770423813,1253.33989091484
2026-01-16 19:00:00,1324.2075,1039.9888451821012,1195.066381477746,1353.7067134516549,1191.5465745715724
2026-01-16 20:00:00,1299.13,951.5522165482059,1130.013586406085,1330.082240633474,1132.100480487405
2026-01-16 21:00:00,1235.3075,883.0403589863871,1052.1444634302848,1211.0755580136129,1059.1403615227084
2026-01-16 22:00:00,1214.0049999999999,847.6083120003319,1006.9419455521461,1211.9199051723697,1016.8571217854287
2026-01-16 23:00:00,1145.6750000000002,822.7792410934372,974.993462333348,1165.7788557976908,985.8738450489435
2026-01-17 00:00:00,1145.5,736.428578384897,903.6721003030264,1088.861263360207,905.1007148581418
2026-01-17 01:00:00,1175.3875,698.0192260966263,917.4372548511009,1074.068673049368,904.2819933718115
2026-01-17 02:00:00,1126.1675,689.174942549949,912.0605309942728,1065.7395421149545,903.6453727935856
2026-01-17 03:00:00,1112.1425,776.2274754248032,950.0939122325512,1170.6461556925042,947.8934559921966
2026-01-17 04:00:00,1125.72,832.4023028813683,1044.0617166127781,1214.829475696635,1039.7136061795566
2026-01-17 05:00:00,1153.6575,943.9796404161409,1168.4199738774873,1377.0151695331385,1163.015960793047
2026-01-17 06:00:00,1206.6375,1055.7917153107294,1232.8896223053262,1429.1621740140858,1237.6754688532176
2026-01-17 07:00:00,1278.2525,1031.6398803660284,1256.4171511670893,1465.4912375010838,1259.9748048474112
2026-01-17 08:00:00,1316.1275,1084.0649938176407,1288.2072594119481,1475.9170903848046,1285.975652758696
2026-01-17 09:00:00,1305.1325,1071.0205667519272,1276.3711746773429,1444.142347337677,1274.9907212683768
2026-01-17 10:00:00,1288.8625,1070.6158274631737,1276.8306773461559,1457.9804735221978,1260.3490299228422
2026-01-17 11:00:00,1278.605,1118.2188855009501,1272.2266347384286,1457.5678356874105,1272.5684762652372
2026-01-17 12:00:00,1277.045,1081.8899509289581,1282.0819248648002,1444.911686044912,1264.1570602319048
2026-01-17 13:00:00,1302.4775,1080.8584097850346,1253.0123642836886,1437.1095650773193,1253.590011435427
2026-01-17 14:00:00,1294.13,1087.8124188243457,1282.519223949796,1443.5733340632469,1271.4512818606624
2026-01-17 15:00:00,1311.9575,1075.4672275701253,1288.055956712754,1525.3653427673107,1291.0520502699417
2026-01-17 16:00:00,1260.5275000000001,1061.0382053882445,1292.8721882774348,1490.4296871441104,1283.7959877464789
2026-01-17 17:00:00,1242.4925,1068.7898084843837,1247.7023146986994,1410.2919689325288,1244.475631326287
2026-01-17 18:00:00,1286.58,1028.013435031902,1195.1376932794537,1365.5361269121347,1200.2405254855687
2026-01-17 19:00:00,1205.1425,972.5540341875666,1158.8263231693936,1364.048235628022,1154.7932608243832
2026-01-17 20:00:00,1164.8975,895.8420779764814,1076.0203531572752,1245.7200163978105,1083.472148033316
2026-01-17 21:00:00,1109.325,811.4402272393926,1001.9386762603096,1169.458903718669,999.2510353663912
2026-01-17 22:00:00,1073.22,773.3143868282363,963.6918859097723,1114.6012767099264,959.2354262507216
2026-01-17 23:00:00,1060.155,753.761679698286,932.2268023280105,1079.7252270463182,929.6678067527681
2026-01-18 00:00:00,1020.8925,719.3958349787256,895.7409414627233,1063.1163164603086,896.4765355357375
2026-01-18 01:00:00,1042.285,695.7154741256128,888.2289373214621,1068.7206171298565,889.4253689828623
2026-01-18 02:00:00,1027.2875,647.6726441101013,905.0315601637396,1024.814697325889,878.7550641491746
2026-01-18 03:00:00,1037.935,723.4557611350767,929.5066431104806,1088.614468394123,909.541561388496
2026-01-18 04:00:00,1055.3799999999999,823.1957128364147,1003.431056092948,1167.9608262603901,1001.6357856533621
2026-01-18 05:00:00,1102.2525,957.2998579522368,1105.2205563396924,1314.2016029401827,1110.1986309325887
2026-01-18 06:00:00,1111.2675,1028.1680420846328,1192.2887055631063,1358.6329182053275,1192.8079630409043
2026-01-18 07:00:00,1163.99,1057.8562997693955,1212.9937404558762,1409.1136648142303,1223.6381507196866
2026-01-18 08:00:00,1192.3725,1027.6956581721713,1217.9426420968018,1374.6095924977144,1215.2525447448697
2026-01-18 09:00:00,1220.125,1035.8823655832603,1230.0686508216081,1379.2475560478108,1217.3757042917441
2026-01-18 10:00:00,1342.0375,1040.9771685084374,1196.7829004852588,1336.8040007087668,1197.1456969633955
2026-01-18 11:00:00,1221.065,1055.2780866373744,1215.170970677699,1352.6159756122022,1211.8184314363468
2026-01-18 12:00:00,1194.87,1033.5072227513685,1205.4845645470189,1330.3780127914893,1195.3206896566894
2026-01-18 13:00:00,1169.8775,1034.3952494630944,1202.837396337471,1328.3547109253998,1198.1772970674128
2026-01-18 14:00:00,1166.8325,1042.5841245812019,1230.5098788280688,1396.135139789679,1225.2978235135795
2026-01-18 15:00:00,1224.5925,1087.9646963646535,1231.9866819471888,1367.5201083417403,1234.5769179320114
2026-01-18 16:00:00,1297.0325,1074.6188695098524,1228.0797957035863,1381.787463397955,1227.3838097301516
2026-01-18 17:00:00,1268.845,988.6651861632258,1201.805290682027,1335.3939592171112,1186.255742646896
2026-01-18 18:00:00,1235.245,989.0553147734213,1162.8885569278973,1304.0366826112472,1161.0648068141872
2026-01-18 19:00:00,1189.9850000000001,951.7688258959329,1114.3373495786145,1257.5014226523988,1103.3084994399908
2026-01-18 20:00:00,1142.1950000000002,892.5505228229215,1037.0729884086586,1184.1938570231878,1033.9588619408396
2026-01-18 21:00:00,1081.5825,820.2483947737347,963.0508975764718,1091.0434998547294,956.4042387315171
2026-01-18 22:00:00,1074.92,750.6694962860141,930.570548025585,1051.546738848905,917.2118906060523
2026-01-18 23:00:00,1067.33,711.4315473000079,886.7055233200502,1020.8152107104976,884.136478243865
2026-01-19 00:00:00,1088.685,806.3195339880491,915.1482658224454,1062.7311184897742,924.5098898401293
2026-01-19 01:00:00,1121.1725000000001,787.8348241286494,923.9104910158429,1063.0293760202949,919.6225055264794
2026-01-19 02:00:00,1156.6825,783.4593643764792,908.3292581765154,1074.6073238074866,920.4567015503491
2026-01-19 03:00:00,1157.15,843.7305346933078,954.9970214485553,1074.8607449083595,952.0763904195653
2026-01-19 04:00:00,1217.975,915.327909692592,1037.1889266278185,1181.1084438496944,1047.426268107974
2026-01-19 05:00:00,1325.7225,1030.0231807450155,1155.574810861212,1309.5912493222504,1162.6448619239932
2026-01-19 06:00:00,1437.675,1089.8728511530157,1236.2141670703306,1369.0413815856482,1237.3448767590896
2026-01-19 07:00:00,1450.0575,1154.2712709656278,1290.064657048458,1462.5375193417744,1287.2042737258967
2026-01-19 08:00:00,1480.2475,1154.2599681799588,1295.4273035811168,1446.3957160262016,1290.290132669357
2026-01-19 09:00:00,1467.7024999999999,1165.165664834652,1286.1426438721828,1417.0462613917582,1291.103932553814
2026-01-19 10:00:00,1461.2825,1128.0414218010806,1278.5281796569552,1440.158713980241,1280.7526981226872
2026-01-19 11:00:00,1442.3625,1147.8456677665724,1286.9762261713431,1447.7211157897893,1288.0007287937008
2026-01-19 12:00:00,1415.045,1153.0769204025883,1276.0997564207146,1442.0379691805463,1280.5613588623069
2026-01-19 13:00:00,1396.5625,1135.3019432750139,1285.0232866558858,1434.6820930133688,1282.2461020831556
2026-01-19 14:00:00,1411.7150000000001,1148.4438400686008,1295.8032542560813,1455.8443754032303,1305.3392611555914
2026-01-19 15:00:00,1423.075,1176.2024368190184,1324.096166361709,1483.6916595973303,1333.9440983798968
2026-01-19 16:00:00,1382.6225,1156.6654544684382,1312.9585322803723,1465.0329148420042,1313.4431312065506
2026-01-19 17:00:00,1408.61,1134.4681249824625,1268.9782732353226,1438.7358418938788,1278.441096619461
2026-01-19 18:00:00,1346.85,1126.8057511492739,1258.051770973405,1430.823416745645,1260.1152718337669
2026-01-19 19:00:00,1299.925,1056.0403483305297,1209.1022015440772,1352.6864563925756,1203.8235202418516
2026-01-19 20:00:00,1250.8899999999999,988.1971617623724,1131.099369372978,1310.471056269383,1135.2560576612652
2026-01-19 21:00:00,1174.43,894.6461719542104,1083.0645772738153,1210.3618996085984,1071.1216068488968
2026-01-19 22:00:00,1133.5975,839.0145204839741,1010.5803226391348,1196.3000654473842,1019.0417475169393
2026-01-19 23:00:00,1128.185,831.4573376238851,990.7663448079957,1147.0279685440967,993.9958016423913
2026-01-20 00:00:00,1140.595,831.7955473388365,973.9396748036328,1152.3494443194907,975.9792987025722
2026-01-20 01:00:00,1156.6375,808.0728154084494,986.394620597157,1128.503185607514,979.2128607286518
2026-01-20 02:00:00,1175.9925,822.5215076322858,982.0742365456372,1146.479535999566,984.0422081882921
2026-01-20 03:00:00,1163.0900000000001,866.7569186589313,1009.9970404266987,1198.004563586718,1017.068692659145
2026-01-20 04:00:00,1260.0425,939.1123343156322,1115.569063787757,1234.725656392812,1101.361024733699
2026-01-20 05:00:00,1353.335,1042.6770247605823,1223.2360458808585,1385.568775928478,1225.908722201964
2026-01-20 06:00:00,1415.69,1164.7270798402144,1294.134835761592,1482.7406532221996,1308.3656223686378
2026-01-20 07:00:00,1505.75,1156.7349024053212,1343.7695128506257,1519.6427938775257,1341.591120844163
2026-01-20 08:00:00,1461.395,1161.6521782716447,1335.9367828717866,1520.869709401223,1344.4027643993759
2026-01-20 09:00:00,1491.1725,1190.4618806559665,1355.6451616573554,1516.2431075133613,1351.829822725809
2026-01-20 10:00:00,1562.745,1165.708503191054,1316.7399191195032,1510.677497737795,1329.2716017430273
2026-01-20 11:00:00,1514.6950000000002,1174.4690945368177,1332.5708900530735,1537.9907221693052,1341.5427535937351
2026-01-20 12:00:00,1452.165,1123.9018033339642,1312.4759674207294,1513.6290077479186,1320.6009790176804
2026-01-20 13:00:00,1445.475,1142.6395642028513,1357.9771926844105,1501.7470137864088,1339.8748716469167
2026-01-20 14:00:00,1426.0025,1174.2997508622668,1375.539054386758,1548.1738044053475,1368.330686066524
2026-01-20 15:00:00,1399.2875,1184.0243311530182,1387.4251242479177,1546.4531956287183,1383.3256085720134
2026-01-20 16:00:00,1329.915,1182.8023796837133,1366.7651893267198,1564.0120489576307,1374.4415193390619
2026-01-20 17:00:00,1383.53,1127.82998595033,1325.0347915159882,1510.101859256358,1322.7241715193773
2026-01-20 18:00:00,1373.9175,1120.643516141723,1292.1378144989362,1482.916229678378,1294.6989023283854
2026-01-20 19:00:00,1337.135,1039.2526999251377,1231.851690150143,1427.0760925211807,1235.5239077405326
2026-01-20 20:00:00,1273.8425,956.8868876356061,1174.031533507149,1337.5179825990206,1166.9774285864878
2026-01-20 21:00:00,1195.97,931.7412433365304,1113.8682351175541,1270.351423278936,1104.82841516422
2026-01-20 22:00:00,1174.965,839.078072489528,1061.018230523267,1238.6536400500006,1053.9224197904987
2026-01-20 23:00:00,1163.395,792.1327350994259,1009.9855376935654,1205.0997111391232,1016.0052534376549
2026-01-21 00:00:00,1157.5225,858.4518912376429,1000.9149744448971,1169.98125334194,998.7935503224371
2026-01-21 01:00:00,1168.265,817.9936523596398,990.2413367747475,1154.0554177881183,991.2393686163955
2026-01-21 02:00:00,1174.6200000000001,804.7785735820469,984.7762211405618,1157.1285261077849,983.3721484072173
2026-01-21 03:00:00,1188.41,838.1549019740587,1019.8688872727903,1175.2390879310014,1018.141099533903
2026-01-21 04:00:00,1265.455,917.429793908533,1110.7051648148529,1249.301354683232,1091.8363149522593
2026-01-21 05:00:00,1296.945,1010.5105051611906,1216.316181101815,1371.506332898757,1208.3775961657943
2026-01-21 06:00:00,1324.0175,1128.8069383190134,1285.3321173342529,1456.9431771895584,1286.9882065521213
2026-01-21 07:00:00,1339.585,1146.7083796814688,1308.5556636007088,1471.6869617016505,1309.541240818955
2026-01-21 08:00:00,1369.47,1169.9677878651319,1329.8117816210774,1473.5129714866919,1325.056794619359
2026-01-21 09:00:00,1430.315,1145.3788525373093,1316.4475772347605,1485.6147159719824,1302.6918896378913
2026-01-21 10:00:00,1444.615,1112.7168067450057,1290.5730529882335,1431.8495921797396,1280.8434469945983
2026-01-21 11:00:00,1472.28,1151.5125612177958,1285.1177369951276,1439.9285885485856,1295.7455000289528
2026-01-21 12:00:00,1475.775,1163.2895752404588,1273.586369759856,1427.1096128059642,1275.0164387741438
2026-01-21 13:00:00,1452.8374999999999,1124.731765362705,1273.1665530937441,1417.7063065650555,1272.7033347998952
2026-01-21 14:00:00,1392.04,1157.1555721701652,1291.3862339229074,1444.9626248133918,1293.6318670587643
2026-01-21 15:00:00,1403.9225000000001,1173.137269789026,1295.7877448032473,1452.447399978571,1304.0766213508732
2026-01-21 16:00:00,1408.0925,1162.4605926705601,1283.429211451777,1411.7559758153648,1290.3145355363488
2026-01-21 17:00:00,1405.7350000000001,1131.61750403903,1232.5912676327534,1373.8340311078534,1245.4702399825533
2026-01-21 18:00:00,1360.9650000000001,1101.3471488325072,1211.161862583087,1350.6953277238135,1217.1991561411267
2026-01-21 19:00:00,1313.6875,1027.6714253287662,1157.8417067891228,1324.082402769768,1160.7318394658098
2026-01-21 20:00:00,1235.7424999999998,985.0184298210356,1082.3115422280875,1241.6892275279083,1094.862389966651
2026-01-21 21:00:00,1164.0149999999999,887.397550985335,1017.180747253265,1155.6436583189468,1014.6045998576546
2026-01-21 22:00:00,1139.635,831.4834976703924,953.4587852499151,1113.492639263731,958.624090056423
2026-01-21 23:00:00,1123.2375,813.541693278935,938.4415488787683,1101.6524233007406,940.5464224141529
2026-01-22 00:00:00,1168.0425,805.6638757420941,916.0112346019425,1068.623944633408,920.559257688027
2026-01-22 01:00:00,1191.9375,766.6582358655638,914.0702192333276,1039.204137683687,911.8018037028679
2026-01-22 02:00:00,1198.8125,780.5836636904482,890.4283704258003,1071.8663831912681,908.0080797875114
2026-01-22 03:00:00,1127.08,788.3174661276054,924.7890445237217,1068.2735802735046,934.8937221581152
2026-01-22 04:00:00,1213.8525,911.8877351344522,1028.789151056936,1187.4937459994105,1036.1785902370452
2026-01-22 05:00:00,1338.2275,988.9144935906529,1154.2930466422881,1297.39693105535,1153.2595500676005
2026-01-22 06:00:00,1325.0375,1076.106024791689,1227.2117799579541,1403.2291944400217,1233.4754817874505
2026-01-22 07:00:00,1372.4275,1100.6672863234528,1280.669288021396,1428.077077237069,1275.8753428515026
2026-01-22 08:00:00,1445.06,1151.4416559385581,1269.294530013743,1437.2074092257221,1284.1389970985108
2026-01-22 09:00:00,1494.4975,1157.1250872761925,1283.9344628475853,1435.8969258883897,1286.4518376746105
2026-01-22 10:00:00,1485.3899999999999,1136.7051781299945,1270.448120520235,1459.094256749145,1277.243437588551
2026-01-22 11:00:00,1499.93,1145.1936727967318,1302.626684185184,1438.402189686324,1296.6444036858634
2026-01-22 12:00:00,1481.755,1163.8992319195636,1263.5204056541893,1428.2762199640729,1279.929305286811
2026-01-22 13:00:00,1488.0175,1128.3516141783177,1296.2023637797474,1460.1561765546314,1293.9750040760262
2026-01-22 14:00:00,1464.3899999999999,1179.5059840602753,1294.4351050530247,1473.5336095950563,1310.5258498293663
2026-01-22 15:00:00,1471.445,1188.2475768220625,1339.477173579758,1494.8918001101424,1333.7715430667847
2026-01-22 16:00:00,1472.6875,1165.347065276037,1295.1970329063602,1493.21660805802,1312.0144534680483
2026-01-22 17:00:00,1445.7,1136.2401401525842,1300.9489444897692,1461.8844486064443,1298.5162304855187
2026-01-22 18:00:00,1398.68,1104.8635406416065,1248.4070693858823,1470.0798986561392,1261.5287814848466
2026-01-22 19:00:00,1338.555,1030.320104247659,1223.897538898831,1383.9520212573261,1214.3561668589784
2026-01-22 20:00:00,1222.685,969.9131112158032,1152.6233790467304,1359.3371766698028,1157.0694986574895
2026-01-22 21:00:00,1171.0124999999998,908.3420466572824,1075.2214004998484,1263.4647384908753,1077.6835952350118
2026-01-22 22:00:00,1210.435,864.2141401241428,1026.3902134002346,1213.326315305545,1038.8512774479161
2026-01-22 23:00:00,1167.955,855.1474474637882,1001.5668063246092,1162.5916131790461,1008.9146327051322
2026-01-23 00:00:00,1171.0725,824.989630113855,979.0663389920275,1175.1846495529276,995.0568575577568
2026-01-23 01:00:00,1166.6175,843.8590250949777,1008.6875773525373,1173.6591846961517,1001.9326061169314
2026-01-23 02:00:00,1165.2175,781.4258010713243,997.9499660714142,1157.9663299223723,988.9559501088936
2026-01-23 03:00:00,1125.6399999999999,869.014234739194,1025.5731154490086,1228.938229701219,1026.0944276053888
2026-01-23 04:00:00,1214.355,946.0955932074291,1116.6865824750253,1319.2403484337149,1117.3579557844469
2026-01-23 05:00:00,1343.2,1054.8570831694826,1241.6526354309794,1419.9236352239386,1232.0066288011499
2026-01-23 06:00:00,1412.3775,1142.1202732711254,1297.2406584833789,1499.023025881173,1312.503902450842
2026-01-23 07:00:00,1362.295,1178.7856110768514,1359.7337698665447,1520.699399793751,1347.8359133694553
2026-01-23 08:00:00,1408.4625,1162.4177509257731,1363.0852297626213,1552.9212110877747,1360.7315680378492
2026-01-23 09:00:00,1485.1,1175.6455314156829,1345.201547153923,1519.2484077511774,1345.2494776576737
2026-01-23 10:00:00,1483.13,1190.171831023497,1351.937632268502,1547.9256764030179,1353.47405045407
2026-01-23 11:00:00,1492.32,1179.3292308961006,1347.259369998662,1551.987174144532,1347.621865258999
2026-01-23 12:00:00,1470.3,1151.7328574799271,1342.9306405262867,1514.7091355626774,1337.648782145328
2026-01-23 13:00:00,1448.42,1140.8876631932567,1336.588830301288,1501.3654140494423,1333.6366113114307
2026-01-23 14:00:00,1445.5925,1187.3624371951714,1345.6412968578743,1546.0199457454423,1363.0224641051961
2026-01-23 15:00:00,1465.18,1193.269993860483,1393.1695529352896,1560.9693199410237,1389.7122764321484
2026-01-23 16:00:00,1416.665,1190.6265659959472,1377.5585054530357,1603.1989797000442,1371.3552299451028
2026-01-23 17:00:00,1375.8475,1164.6821922650547,1328.9897706870133,1556.7621365727389,1341.7444741433565
2026-01-23 18:00:00,1384.4524999999999,1081.7833356968767,1298.4551980805181,1551.4153490150934,1297.4641780297263
2026-01-23 19:00:00,1348.4225000000001,1034.3977050181938,1249.501253180448,1468.831741323437,1251.0225657290323
2026-01-23 20:00:00,1300.3600000000001,974.7951238699396,1181.5260579808823,1383.521988761582,1182.2191559910796
2026-01-23 21:00:00,1219.1374999999998,904.9238768630838,1113.2339450086074,1288.12301844211,1111.8290166940535
2026-01-23 22:00:00,1226.915,846.8318036986833,1064.3053726679464,1296.6038313724084,1063.4708567000673
2026-01-23 23:00:00,1164.1275,822.2486986698402,1032.8097592442389,1257.5377355911744,1040.4598321139915
2026-01-24 00:00:00,1151.185,722.9492740145176,1000.9800210286298,1177.9571049076492,979.0707559690684
2026-01-24 01:00:00,1142.3325,705.1616638978593,968.140210783662,1178.1073988023275,963.1118973287755
2026-01-24 02:00:00,1146.03,747.6076447159639,971.3650296369348,1181.1012901989857,978.3816421700187
2026-01-24 03:00:00,1160.225,751.5821529870366,1006.7570634883966,1220.836897487228,995.7440100828286
2026-01-24 04:00:00,1158.14,864.9110954803514,1107.5339739872657,1319.4034678679673,1101.7706337450868
2026-01-24 05:00:00,1203.7649999999999,977.1891918116534,1191.6384493675175,1481.1441641842746,1209.093175935988
2026-01-24 06:00:00,1246.0275000000001,1031.789692428543,1299.098422588373,1506.0770404448338,1290.7071923040867
2026-01-24 07:00:00,1285.58,1059.9178397826145,1337.5845204080433,1555.3424655682786,1322.7370115732856
2026-01-24 08:00:00,1352.6075,1121.383657014545,1353.2930041057743,1600.024383381228,1351.1342222916965
2026-01-24 09:00:00,1380.17,1109.2191781089005,1324.249402964524,1565.2499485824628,1332.361213633321
2026-01-24 10:00:00,1333.5325,1108.267208588296,1331.4067431692813,1560.8159743514937,1326.451160955285
2026-01-24 11:00:00,1327.3625,1089.4076272756834,1354.0927781749608,1560.4032215823843,1341.2761323430034
2026-01-24 12:00:00,1344.1975,1028.6240970823803,1329.8940004678552,1588.2376886861277,1323.210736426365
2026-01-24 13:00:00,1341.9425,1074.0651121027229,1339.1966832537164,1578.6882241893265,1331.3300196629225
2026-01-24 14:00:00,1386.9450000000002,1113.7055524874474,1379.7073430746084,1578.3823134954405,1355.981876092855
2026-01-24 15:00:00,1426.5425,1123.7952277016398,1360.6700035142348,1625.1708871209248,1363.8501966494723
2026-01-24 16:00:00,1449.0675,1109.0736870371431,1357.0750275451605,1607.288616401782,1355.3278579842693
2026-01-24 17:00:00,1433.315,1059.4851254790185,1326.731688293114,1586.181460849462,1319.5716872902717
2026-01-24 18:00:00,1370.27,1019.7439031443101,1282.9684875944663,1567.0654836474912,1281.6464943128478
2026-01-24 19:00:00,1339.7925,984.4085358770187,1253.426684109451,1498.4613509493715,1249.0580815832266
2026-01-24 20:00:00,1285.415,881.709853853842,1191.8057201268243,1429.2744030080644,1181.0197651181377
2026-01-24 21:00:00,1279.0774999999999,826.3667721674324,1118.1781219368697,1381.473139439031,1107.556070721489
2026-01-24 22:00:00,1273.9924999999998,774.828173386955,1068.5047749575178,1374.937646370046,1058.8306441010557
2026-01-24 23:00:00,1233.935,746.6814526994441,1058.2386266798571,1344.0266850968815,1042.3664024290183
2026-01-25 00:00:00,1151.0125,720.969149367208,1027.7030855303315,1301.0556098259092,1015.3637262673474
2026-01-25 01:00:00,1167.9675,706.8021815644244,1022.020448500791,1291.646321333526,1008.0758314043659
2026-01-25 02:00:00,1204.9125,730.8619834676224,1024.8672256865543,1304.3077289557016,1031.6273795028094
2026-01-25 03:00:00,1219.96,782.9619151938168,1072.6410997931039,1277.472399027406,1049.4069533620766
2026-01-25 04:00:00,1241.88,844.978124614214,1180.4708908267103,1440.8766750021696,1157.2935351931294
2026-01-25 05:00:00,1261.6075,957.4736042841931,1265.108859817134,1587.4756404487503,1260.9586297021035
2026-01-25 06:00:00,1306.78,1044.637860739724,1370.6529536231242,1640.1153473446698,1357.3011024427508
2026-01-25 07:00:00,1410.135,1079.1681024434401,1396.4941101989662,1671.793742732116,1384.8618050350315
2026-01-25 08:00:00,1451.69,1060.8891394161144,1397.3899583981006,1734.6906510735746,1390.8864185486323
2026-01-25 09:00:00,1419.87,1079.4391971537113,1402.2251900460267,1701.5888527923742,1390.2971018178257
2026-01-25 10:00:00,1375.9875,1077.58494106413,1414.065825167012,1681.3134261923612,1389.7492892493208
2026-01-25 11:00:00,1371.2,1040.2848557473258,1408.733769043828,1701.5624561987945,1401.665804739916
2026-01-25 12:00:00,1379.8575,1086.9600394425975,1414.6753932648378,1751.528113503824,1397.1758107043895
2026-01-25 13:00:00,1353.69,1075.7464839890604,1402.1350464827012,1681.130220364524,1394.0922600318008
2026-01-25 14:00:00,1419.45,1083.645046480333,1430.3022930006205,1722.8855909260244,1410.7590335107618
2026-01-25 15:00:00,1468.7325,1130.5986791552673,1452.6142576429997,1759.5150107060165,1438.7600936908418
2026-01-25 16:00:00,1444.3475,1091.5537535260046,1433.4879766021922,1732.3849138546148,1417.1300672106995
2026-01-25 17:00:00,1378.6925,1021.358800667944,1400.4789247024994,1709.3837010228258,1381.8779708849956
2026-01-25 18:00:00,1354.2224999999999,1009.7501746830768,1351.9678203938429,1643.3447878883298,1343.3803205184877
2026-01-25 19:00:00,1330.6775,963.9119912458093,1291.7675894268164,1570.9552576466149,1291.2785966321433
2026-01-25 20:00:00,1270.3200000000002,905.30231967987,1242.6027482864438,1543.12020871986,1223.6694091302154
2026-01-25 21:00:00,1151.2525,846.9214166879365,1155.6721279936332,1413.4764472434395,1140.2707008947152
2026-01-25 22:00:00,1150.6425,768.5382506095475,1114.4518940163857,1348.408301960705,1090.3133509582176
2026-01-25 23:00:00,1186.225,764.1971018537006,1081.7234074646767,1344.9645028551233,1051.9548136939216
2026-01-26 00:00:00,1181.8475,821.0416199704072,1086.2206173567733,1367.7720590437134,1094.537351208217
2026-01-26 01:00:00,1208.065,803.7342717135585,1092.2312763154941,1343.329980619741,1081.729844489069
2026-01-26 02:00:00,1161.5325,819.8621458756865,1064.8325045064917,1325.778746553663,1078.0011012112009
2026-01-26 03:00:00,1187.0375,850.4219654003095,1104.4570861021289,1378.9289969092881,1110.1597068284846
2026-01-26 04:00:00,1276.7825,912.904827100294,1178.0923393351181,1411.4380463188531,1181.4028736395828
2026-01-26 05:00:00,1328.1275,1006.455451184372,1287.3845862668554,1544.3695424431696,1286.4285886221392
2026-01-26 06:00:00,1379.7475,1137.9713894498325,1374.7370052111705,1620.5000579856544,1371.574836215417
2026-01-26 07:00:00,1501.5774999999999,1169.1234031077465,1410.1356478878047,1612.630332073179,1404.7495449775013
2026-01-26 08:00:00,1483.04,1186.2645280594318,1403.6163120927768,1599.4066895922085,1405.5507279906385
2026-01-26 09:00:00,1495.6425,1180.721846667004,1401.0206472261352,1654.015123079172,1399.362311377653
2026-01-26 10:00:00,1452.285,1151.9974983197887,1374.758928813058,1576.0638437299328,1371.0912689674628
2026-01-26 11:00:00,1438.44,1143.066917417759,1376.84608756135,1590.5957492952125,1372.3381800160385
2026-01-26 12:00:00,1423.5275,1161.0841627749305,1359.866486349321,1560.4740880849674,1364.7563056739712
2026-01-26 13:00:00,1462.9375,1160.7078071996555,1359.5388278133692,1568.5428024573484,1365.5865039031964
2026-01-26 14:00:00,1447.6475,1146.1378479402965,1365.6880054649255,1554.3010694740203,1362.7437091095564
2026-01-26 15:00:00,1487.455,1202.1946292966084,1381.7245755772656,1562.876213131311,1387.749878202822
2026-01-26 16:00:00,1400.3274999999999,1192.3247717489112,1375.767463003228,1582.6863658977686,1367.5211395190754
2026-01-26 17:00:00,1396.5625,1127.2545237029863,1329.2510175554794,1515.6071564296865,1331.339641663515
2026-01-26 18:00:00,1389.5900000000001,1111.9692978729115,1299.044411911581,1496.06435738502,1298.1023138181672
2026-01-26 19:00:00,1337.8674999999998,1048.940291560848,1240.1085633522748,1424.4401262257452,1239.8289960416164
2026-01-26 20:00:00,1283.5425,1000.8646568072711,1142.9029748605074,1393.8388569035349,1163.655065390438
2026-01-26 21:00:00,1242.0325,892.391736607895,1090.6835153802326,1272.044713001692,1094.342211225139
2026-01-26 22:00:00,1255.0375,864.2213499519917,1035.5285227027452,1199.7494991283136,1033.34839787623
2026-01-26 23:00:00,1154.0075,862.5568867371838,1005.6779553446054,1206.6924284973875,1015.2128973945248
2026-01-27 00:00:00,1150.2024999999999,823.0030303916316,984.8556773464564,1170.75956750321,992.3969660709878
2026-01-27 01:00:00,1182.83,801.5175144329174,977.5623835705105,1161.1350588915473,980.6251214027648
2026-01-27 02:00:00,1159.3925,791.9610002280969,981.8635538695187,1164.0280198210332,979.9157424936063
2026-01-27 03:00:00,1176.9425,850.3216928187152,1019.2825133762042,1198.7832296233362,1023.6125346851707
2026-01-27 04:00:00,1259.9950000000001,911.1116839798952,1108.219353908534,1286.0461961982196,1106.0033089591561
2026-01-27 05:00:00,1336.455,1041.9716536091908,1211.010043377865,1356.1280209407523,1211.949240551956
2026-01-27 06:00:00,1408.8775,1106.5995166443565,1297.3299316660896,1496.8696262101992,1293.1442785606039
2026-01-27 07:00:00,1474.645,1164.414896273785,1320.7679157741218,1477.984277865651,1319.9700061642188
2026-01-27 08:00:00,1509.77,1188.313009782563,1339.7825151108345,1488.9529377481051,1334.6191579187198
2026-01-27 09:00:00,1498.58,1174.8249193282822,1313.4028905780542,1472.9605703319353,1315.9643862782916
2026-01-27 10:00:00,1459.9825,1158.5105040804692,1313.1524017984302,1486.1760169067431,1309.802823616996
2026-01-27 11:00:00,1455.58,1147.2621315311417,1319.7540706629559,1466.41609100481,1318.2751914724802
2026-01-27 12:00:00,1379.7575,1159.3599476996897,1294.2021963742795,1444.0808179034043,1298.374451268185
2026-01-27 13:00:00,1409.5625,1125.9175372402706,1308.497145929091,1454.3627122551547,1306.7260789727961
2026-01-27 14:00:00,1441.1375,1152.4851292031829,1318.656723597729,1497.8091498955168,1329.5062716615225
2026-01-27 15:00:00,1456.0875,1190.6692986833914,1343.0459858686713,1503.2204935336724,1343.8607645611455
2026-01-27 16:00:00,1430.1775,1157.2643720987471,1311.2977439206588,1508.5267178098272,1328.3547919896214
2026-01-27 17:00:00,1410.0874999999999,1109.7731360582304,1303.4498717488395,1461.037712280536,1301.3331413489232
2026-01-27 18:00:00,1366.465,1107.0768295982994,1252.081999557183,1403.0822125560471,1253.870557888809
2026-01-27 19:00:00,1326.42,1035.8620941795061,1212.88902310274,1351.9776554999748,1200.9500442240967
2026-01-27 20:00:00,1272.075,1010.3948211920183,1126.5316923329833,1282.2174878661363,1134.4124966482605
2026-01-27 21:00:00,1178.5774999999999,911.163195131366,1066.2701727573854,1219.0899005085366,1059.3378474597473
2026-01-27 22:00:00,1164.3025,845.6631724740029,1013.8505649743197,1179.3844753507867,1013.2362335492494
2026-01-27 23:00:00,1144.165,838.7398919663054,987.3494934817404,1142.515485401688,987.5736394427727
2026-01-28 00:00:00,1140.5875,809.2593231372666,960.1123106075265,1167.629283318538,972.4141621751646
2026-01-28 01:00:00,1177.315,816.0405710908672,966.1702992988419,1139.459520199063,967.5073666947515
2026-01-28 02:00:00,1162.5475000000001,811.3127927285029,973.7040547739027,1162.4532865370309,973.2217474940863
2026-01-28 03:00:00,1182.385,854.6594605214043,995.3960314239091,1181.5590523946742,1001.4073138300644
2026-01-28 04:00:00,1298.5725,898.4357744093465,1083.0839773014873,1228.6450972307962,1085.6965367137223
2026-01-28 05:00:00,1382.5075000000002,1028.4173550824573,1188.0005162691916,1370.70471114218,1196.9711559750667
2026-01-28 06:00:00,1473.9675,1147.2650655833197,1279.8912277158854,1448.3930335668556,1290.579376620902
2026-01-28 07:00:00,1559.4225,1167.5147625935992,1314.2781160527377,1472.5118303561208,1323.0367803598454
2026-01-28 08:00:00,1595.9850000000001,1171.0301102281826,1330.979600952896,1506.8575538791017,1331.7262988841787
2026-01-28 09:00:00,1544.04,1156.4880885426458,1312.511946921144,1498.1513969960356,1329.054585189861
2026-01-28 10:00:00,1514.0025,1142.5114720568838,1304.3876883105181,1482.9231996874848,1310.207070358493
2026-01-28 11:00:00,1547.5575,1148.7557894457589,1319.3728354469454,1503.9005296085707,1326.6517153262987
2026-01-28 12:00:00,1529.995,1137.9169689038695,1308.928210695291,1532.3279281433838,1316.2032394638372
2026-01-28 13:00:00,1486.2625,1167.4775673736933,1314.7234526506004,1488.6437149053095,1320.909053707506
2026-01-28 14:00:00,1454.5525,1162.7388109267936,1339.093516642321,1512.1538127106826,1336.0087580850889
2026-01-28 15:00:00,1465.1799999999998,1182.19729879961,1351.088129803807,1553.0441083231212,1361.077162706668
2026-01-28 16:00:00,1448.3675,1142.665351278892,1335.257350075387,1518.4572754627388,1340.1112888672383
2026-01-28 17:00:00,1429.035,1108.377666729212,1308.8965698462343,1489.1536517567854,1304.9218392746914
2026-01-28 18:00:00,1402.345,1089.3824368640073,1284.3658964687738,1462.0013540547138,1279.953735255045
2026-01-28 19:00:00,1371.345,1064.0480345303042,1234.64424761707,1397.573917632866,1232.8889410452214
2026-01-28 20:00:00,1292.5575,974.9484306955752,1158.0799706738471,1348.7903662688723,1155.7330497456494
2026-01-28 21:00:00,1195.645,885.7316396096505,1091.0321809010688,1265.2172988527554,1092.1731422355551
2026-01-28 22:00:00,1182.0900000000001,819.1677836414236,1046.5224008558657,1201.8498415786157,1032.8227458388717
2026-01-28 23:00:00,1191.54,818.3934451676237,1000.2068366384756,1208.1111780856343,1008.3479569062068
2026-01-29 00:00:00,1256.2375,808.3878448554175,1003.8028513093295,1209.707556741042,1002.1148029460134
2026-01-29 01:00:00,1256.84,825.0912862477585,1002.7726362653917,1184.3545526743303,997.229403606691
2026-01-29 02:00:00,1270.125,795.7924676824558,992.5063011715488,1190.8238555859346,991.9234774946473
2026-01-29 03:00:00,1256.4,817.0703664296524,1022.7503982238028,1206.0936399716431,1029.8201436662584
2026-01-29 04:00:00,1302.6825,941.0429797025422,1106.004701899803,1355.1135103920224,1124.1933851308816
2026-01-29 05:00:00,1406.53875,1040.0295101206239,1234.501765891491,1386.0091090928422,1232.0100584736297
2026-01-29 06:00:00,1510.395,1135.6763784956777,1292.4359350064722,1528.5250611157794,1317.4680468484255
2026-01-29 07:00:00,1575.3825,1152.0201447046168,1357.0167853246671,1547.4913914691501,1357.5197502134108
2026-01-29 08:00:00,1569.7150000000001,1160.1694351396256,1358.1520931452555,1561.2720601847755,1355.4083643039799
2026-01-29 09:00:00,1502.915,1166.9673703223111,1354.1451183867493,1542.2364542953799,1355.8132638901495
2026-01-29 10:00:00,1493.535,1153.7892467847573,1339.6942421789413,1541.9194401878178,1347.452944872754
2026-01-29 11:00:00,1430.6599999999999,1126.6006030473975,1327.0008707610486,1545.2507714011815,1338.816702732659
2026-01-29 12:00:00,1434.5975,1126.481099512882,1337.1254154497133,1539.735079350548,1334.022476060497
2026-01-29 13:00:00,1421.3975,1140.1758925687168,1348.8847444948412,1555.2646802912536,1342.0967104675544
2026-01-29 14:00:00,1422.4475,1180.4597046946878,1363.3461059502786,1561.3160143991483,1368.0012220016197
2026-01-29 15:00:00,1421.2425,1175.463822510711,1384.4282779880084,1574.5880953301314,1377.5770242497
2026-01-29 16:00:00,1465.8825000000002,1138.8354084208722,1364.4595717179432,1555.704364868327,1358.723050360592
2026-01-29 17:00:00,1473.15,1090.7052083972915,1353.7353158035876,1520.6007846994312,1335.0564283705028
2026-01-29 18:00:00,1424.3725,1099.335833842664,1302.306828488448,1515.6014306473828,1304.404635370396
2026-01-29 19:00:00,1395.1225,1060.7304419923405,1250.7038817111122,1451.9644910522957,1257.0825162991566
2026-01-29 20:00:00,1337.4325000000001,1001.5894946711477,1182.2636553239104,1395.5503017147175,1187.107654040403
2026-01-29 21:00:00,1277.04,917.6308727590458,1109.8287956078048,1331.84298946224,1111.28253096316
2026-01-29 22:00:00,1279.675,854.3578404855967,1043.5926150184011,1250.0605121390333,1068.8797055101456
2026-01-29 23:00:00,1305.3425,830.1212663331273,1036.009263042984,1231.4450482373004,1029.4911385716655
2026-01-30 00:00:00,1290.23,822.81723981537,1029.5674627787712,1236.6877899733531,1023.3092527891671
2026-01-30 01:00:00,1344.0749999999998,802.6122186191154,1024.3110766409693,1245.1437084036181,1017.1638657212317
2026-01-30 02:00:00,1296.8225,817.1039129631994,1015.3524435754805,1190.1091520661148,1013.9588049077622
2026-01-30 03:00:00,1291.63,848.3807052370779,1072.8896456685125,1251.9651002212017,1058.567185410786
2026-01-30 04:00:00,1369.875,911.7640223087509,1148.526321817233,1353.0408330432417,1145.4124091061321
2026-01-30 05:00:00,1442.2175,1055.9225558739843,1239.2355349868146,1436.7960449157356,1245.338967094499
2026-01-30 06:00:00,1519.5925,1149.1020644132218,1357.2936598910296,1533.6466163587004,1357.7030973538035
2026-01-30 07:00:00,1552.0774999999999,1135.6039253811932,1403.014303331901,1591.6158566587094,1379.2904623054399
2026-01-30 08:00:00,1587.9425,1132.7427314028112,1392.0541703426761,1586.5725498128045,1385.8912129984453
2026-01-30 09:00:00,1569.695,1145.1430733766506,1373.5262232297496,1591.2925074342706,1375.734064684905
2026-01-30 10:00:00,1535.2725,1134.7339196294304,1381.5586334037248,1590.0852617299768,1373.9271473671133
2026-01-30 11:00:00,1585.8,1155.905211830899,1381.6388816657984,1609.249316151185,1387.9239148905162
2026-01-30 12:00:00,1545.4275,1145.3371378630327,1381.3884165419086,1583.8947019169018,1368.307745916907
2026-01-30 13:00:00,1519.165,1147.5183626128417,1379.2588598475174,1609.2646374838612,1372.0167675654268
2026-01-30 14:00:00,1499.3700000000001,1180.3100590049046,1397.9028500278896,1579.15480038306,1390.4972044603865
2026-01-30 15:00:00,1520.3125,1191.5442822447105,1400.4287736728193,1634.565784705712,1411.4943651632764
2026-01-30 16:00:00,1517.83,1177.174759247569,1397.539686611168,1605.6394886413198,1401.3607440419755
2026-01-30 17:00:00,1476.6750000000002,1142.9941220719277,1384.3867603206368,1612.2494777635657,1380.2740863385002
2026-01-30 18:00:00,1482.17,1105.5088104208915,1368.0366921540465,1579.1797290561492,1342.8027894694203
2026-01-30 19:00:00,1471.8700000000001,1028.0670830000026,1312.4663653093105,1525.8612291569927,1295.9566781584133
2026-01-30 20:00:00,1389.05,994.898904641012,1255.4412060170412,1487.6638063233324,1239.8895130449728
2026-01-30 21:00:00,1326.635,945.8957436992304,1165.2836970802819,1425.3745311737594,1169.2739879873266
2026-01-30 22:00:00,1314.145,880.7071755240233,1120.9632099333207,1382.992105292886,1109.9331997630416
2026-01-30 23:00:00,1247.0675,795.3542719184919,1092.6262475444873,1355.3744745934237,1091.9666874552101
2026-01-31 00:00:00,1250.46,721.7307297915775,1023.2220839739449,1268.8711558764242,1013.5765774982859
2026-01-31 01:00:00,1241.215,715.80470719656,1013.6342886272597,1282.1257761578204,1006.000831559746
2026-01-31 02:00:00,1228.1825,725.5601755503762,1031.431649653551,1290.4649862191957,1015.83168092226
2026-01-31 03:00:00,1230.4375,767.1013860515658,1066.8344576933125,1267.3579702371987,1043.2290297046088
2026-01-31 04:00:00,1245.98,865.3459728018164,1138.7653624461163,1382.678457054785,1135.4046789779545
2026-01-31 05:00:00,1263.825,964.2054065808137,1266.858393421032,1522.355631074485,1253.206945959708
2026-01-31 06:00:00,1338.5275000000001,1068.168631897985,1335.225796106075,1618.3118118378538,1340.6704843270843
2026-01-31 07:00:00,1467.04,1074.8320607829867,1379.59680522989,1624.508176917604,1375.0568652461777
2026-01-31 08:00:00,1464.525,1097.3160341832238,1391.9984763362345,1642.0909562777217,1385.5590186271518
2026-01-31 09:00:00,1450.5875,1079.5332754917881,1388.1090348254409,1648.9484206297798,1370.7538508816192
2026-01-31 10:00:00,1404.445,1062.470742426506,1384.0171843838834,1578.4849449405447,1349.7027467628402
2026-01-31 11:00:00,1354.15,1068.9405735379555,1369.876944542141,1589.4165561001917,1358.0339641066585
2026-01-31 12:00:00,1320.68,1085.1177439038872,1368.4506988466787,1635.5561198970709,1352.182571058275
2026-01-31 13:00:00,1318.7175,1096.9675781984336,1335.8686580093517,1637.2923047468175,1349.1425733203205
2026-01-31 14:00:00,1372.945,1073.0260504839323,1400.2987733479715,1622.6716776049232,1377.43805571094
2026-01-31 15:00:00,1445.6075,1118.4618165268066,1404.4982748315178,1650.1275970907584,1382.5471669137987
2026-01-31 16:00:00,1467.5974999999999,1095.1852214228118,1363.1482308452162,1646.388982642721,1359.9141778323715
2026-01-31 17:00:00,1482.59,1036.0043840419908,1355.4371227575607,1625.5760471461451,1340.134540140678
2026-01-31 18:00:00,1439.9075,1050.8771440869948,1316.9231680043004,1573.2956998971415,1307.6403695644992
2026-01-31 19:00:00,1393.49,967.0895224016404,1261.4695015637249,1488.1453228573064,1250.7468780958595
2026-01-31 20:00:00,1304.42,848.6328387092702,1210.8476289656364,1403.0717994930928,1179.940064728579
2026-01-31 21:00:00,1305.775,811.7268994110646,1118.206254589033,1388.6407548364164,1107.9706222714844
2026-01-31 22:00:00,1315.31,747.58401330154,1071.1142268908975,1315.4608894164483,1054.8616966003972
2026-01-31 23:00:00,1376.67,751.6367208623172,1036.052142018838,1237.4831986631648,1029.537735974466
