timestamp,wind_mwh_baseline,wind_mwh_scenA,wind_mwh_scenB
2026-01-01 00:00:00+00:00,0.0,17.31604010660584,36.26053178578755
2026-01-01 01:00:00+00:00,0.0,25.743495846422064,54.969446714438085
2026-01-01 02:00:00+00:00,4.662937494904517,39.32173570973456,84.26427884274054
2026-01-01 03:00:00+00:00,48.18250819425822,101.26704633038783,177.8414310534656
2026-01-01 04:00:00+00:00,88.02393858487521,155.35456268517208,239.60251200180716
2026-01-01 05:00:00+00:00,105.56409895306413,163.30065147969984,244.39944240155012
2026-01-01 06:00:00+00:00,98.89767730792342,169.09334609584047,248.19548553317378
2026-01-01 07:00:00+00:00,146.60875239568122,161.47754203043345,257.64544153741633
2026-01-01 08:00:00+00:00,123.53683735178001,153.00552912617835,239.7172167304208
2026-01-01 09:00:00+00:00,129.42811937536644,226.64022912672647,305.08859219538016
2026-01-01 10:00:00+00:00,81.17151456765076,208.62471940941924,312.30765498697167
2026-01-01 11:00:00+00:00,107.83236149819884,248.24958162116468,361.8513002733115
2026-01-01 12:00:00+00:00,108.06944906924892,228.52263040633335,347.61509551528616
2026-01-01 13:00:00+00:00,123.33358034653975,268.5613992387262,428.9482364003708
2026-01-01 14:00:00+00:00,158.23273243308626,322.7026877890832,546.6949084222323
2026-01-01 15:00:00+00:00,162.95294265837495,322.4722218816473,530.5037458714006
2026-01-01 16:00:00+00:00,248.4036499255352,441.9106056185071,688.0602144089509
2026-01-01 17:00:00+00:00,297.04941506454855,510.70654587121487,790.8086520059021
2026-01-01 18:00:00+00:00,259.93973828739496,474.4060785763078,736.105137627485
2026-01-01 19:00:00+00:00,329.9161437754064,553.9806999668853,879.5815146943185
2026-01-01 20:00:00+00:00,353.94969474207244,593.8930986437003,957.1276495083587
2026-01-01 21:00:00+00:00,334.0926324570868,576.5352187898252,946.914728585893
2026-01-01 22:00:00+00:00,306.6638087161175,535.6318740178575,892.357769991377
2026-01-01 23:00:00+00:00,320.98734064710237,537.5471673180612,845.344205716474
2026-01-02 00:00:00+00:00,327.4063034591755,529.6813792682152,826.0103382583256
2026-01-02 01:00:00+00:00,292.0812997345306,489.1198149132129,737.7269381421197
2026-01-02 02:00:00+00:00,234.027851889689,419.58181779154336,659.6506086905109
2026-01-02 03:00:00+00:00,248.43737001450228,415.0993254637486,669.3538379222978
2026-01-02 04:00:00+00:00,236.62570995412347,400.0725870495325,652.5788650615086
2026-01-02 05:00:00+00:00,252.5908312654116,422.08986806321093,658.3793798211651
2026-01-02 06:00:00+00:00,231.09915939071672,373.809195229659,586.8761024856494
2026-01-02 07:00:00+00:00,233.14193523319068,384.0919369363103,614.9092912391473
2026-01-02 08:00:00+00:00,319.69841731282423,469.7267918752848,688.2647204128318
2026-01-02 09:00:00+00:00,298.7833966653259,436.44869174127916,642.9909101542307
2026-01-02 10:00:00+00:00,139.03508080936132,284.0986681634866,462.2420676306632
2026-01-02 11:00:00+00:00,159.9519922863127,292.49068774270586,456.1920136103705
2026-01-02 12:00:00+00:00,126.59449667576894,193.73695568091597,344.42756198895245
2026-01-02 13:00:00+00:00,190.34581071740527,293.9270926485155,451.84424850390957
2026-01-02 14:00:00+00:00,151.65231948814827,251.2775477577602,396.0080638490739
2026-01-02 15:00:00+00:00,172.7492201709794,262.7618844146856,404.0082257539552
2026-01-02 16:00:00+00:00,146.46514406015666,224.0344046165456,354.94195436112284
2026-01-02 17:00:00+00:00,162.67226310181258,214.24041438145866,330.1912616129281
2026-01-02 18:00:00+00:00,140.56334859398552,173.40325847367404,306.185728837209
2026-01-02 19:00:00+00:00,213.15587859276124,247.49288359349606,384.917615853662
2026-01-02 20:00:00+00:00,101.62682647323805,127.3447359981379,254.51327039525972
2026-01-02 21:00:00+00:00,214.68914526210318,257.47147689452265,359.4940458073088
2026-01-02 22:00:00+00:00,199.67396040760232,266.7489803045133,371.654866225036
2026-01-02 23:00:00+00:00,145.8801576944425,225.70668168593096,318.3720861796672
2026-01-03 00:00:00+00:00,243.7957985341539,301.93987898739005,381.260176606246
2026-01-03 01:00:00+00:00,163.84633829340683,226.63194168940657,329.7410552447965
2026-01-03 02:00:00+00:00,134.14458585407286,198.24983047825296,297.7042229977775
2026-01-03 03:00:00+00:00,215.56806991886373,288.4629915864166,385.82919257515994
2026-01-03 04:00:00+00:00,144.99505444758938,211.7285108813283,294.7863726747611
2026-01-03 05:00:00+00:00,115.89187085223983,134.06381905097052,205.78665967416316
2026-01-03 06:00:00+00:00,123.34210669722843,126.532727311243,189.03144143932627
2026-01-03 07:00:00+00:00,114.65184600616458,116.69914585625594,181.9008531589926
2026-01-03 08:00:00+00:00,46.65750534955371,53.11638946511897,98.11744504453715
2026-01-03 09:00:00+00:00,32.038834979391794,38.64040721595072,69.56417498249388
2026-01-03 10:00:00+00:00,45.675476928011605,46.17269046135088,64.5386860764527
2026-01-03 11:00:00+00:00,17.053964457574754,18.424406310465233,23.16899387159713
2026-01-03 12:00:00+00:00,63.95141076380364,63.95141076380364,71.94716234898766
2026-01-03 13:00:00+00:00,33.806477137852035,33.91157095657373,49.45304755172697
2026-01-03 14:00:00+00:00,38.74595604276939,41.174538596302035,76.1668143635205
2026-01-03 15:00:00+00:00,32.068600842918336,34.56874387187142,69.78167387246393
2026-01-03 16:00:00+00:00,23.496079424737367,23.707880243947223,45.81499951767899
2026-01-03 17:00:00+00:00,25.21958052678477,39.33255634422598,64.46023524064154
2026-01-03 18:00:00+00:00,40.574829276735095,43.66073945409005,76.29238592739958
2026-01-03 19:00:00+00:00,42.22335738433218,58.812230974723605,89.42673230353539
2026-01-03 20:00:00+00:00,67.60447756390303,81.15421669960719,106.4038440441449
2026-01-03 21:00:00+00:00,40.98807494732499,46.41552261032708,80.44743571828019
2026-01-03 22:00:00+00:00,25.322718201921887,48.33005875581868,79.4917833376252
2026-01-03 23:00:00+00:00,71.31034302757578,99.46114863297981,142.24757200776682
2026-01-04 00:00:00+00:00,0.0,3.585337063444019,31.194515368122573
2026-01-04 01:00:00+00:00,0.0,11.502620489927502,34.035759663929795
2026-01-04 02:00:00+00:00,0.0,22.833642237771087,55.98151337672608
2026-01-04 03:00:00+00:00,0.0,16.804970183655158,44.660076962016674
2026-01-04 04:00:00+00:00,0.0,19.0098178763112,47.3169007524629
2026-01-04 05:00:00+00:00,0.0,24.978630147875975,53.79421893108951
2026-01-04 06:00:00+00:00,0.0,6.903944294767028,25.483144671088354
2026-01-04 07:00:00+00:00,0.0,4.948610254930468,25.001842080322383
2026-01-04 08:00:00+00:00,0.0,14.080304805486236,37.387025374578705
2026-01-04 09:00:00+00:00,0.0,9.006341246994408,20.28361786022731
2026-01-04 10:00:00+00:00,0.0,2.1526197498952064,8.985835361948743
2026-01-04 11:00:00+00:00,0.0,3.6134945552139697,17.98435704099174
2026-01-04 12:00:00+00:00,0.0,3.5453299527254343,6.145457031347521
2026-01-04 13:00:00+00:00,0.0,2.4020311257176847,16.08469243215823
2026-01-04 14:00:00+00:00,0.0,3.7655786024760523,29.288559879650773
2026-01-04 15:00:00+00:00,0.0,19.780745378823504,75.56143842233874
2026-01-04 16:00:00+00:00,0.0,18.792839444840435,77.67620923182265
2026-01-04 17:00:00+00:00,0.0,11.931598426060015,43.70138894841711
2026-01-04 18:00:00+00:00,0.0,8.151405202329705,24.79246132408678
2026-01-04 19:00:00+00:00,2.1356763797152087,10.613177173945276,47.79471340444206
2026-01-04 20:00:00+00:00,22.182361302810232,38.13785182915839,69.90685150452649
2026-01-04 21:00:00+00:00,24.002597858881202,40.2030642422016,76.93074937007994
2026-01-04 22:00:00+00:00,22.060360482247123,38.404564883897066,73.14326521172796
2026-01-04 23:00:00+00:00,33.18790320633747,49.9330516723595,82.67406497811473
2026-01-05 00:00:00+00:00,49.71948758823099,91.42687095979727,150.73823315296664
2026-01-05 01:00:00+00:00,53.655901299588095,86.57320234848012,147.11053215857297
2026-01-05 02:00:00+00:00,87.98803796013459,119.21375652733533,188.55163724156415
2026-01-05 03:00:00+00:00,83.18892353031872,136.3840455400761,224.76193808292672
2026-01-05 04:00:00+00:00,67.42532080798813,139.42347478621798,207.48953920881203
2026-01-05 05:00:00+00:00,78.80814736316908,142.01642570424232,218.4486672865571
2026-01-05 06:00:00+00:00,52.896114209686594,100.33181490978424,165.84500723877062
2026-01-05 07:00:00+00:00,45.69150496379324,93.66276116806611,158.4266262271712
2026-01-05 08:00:00+00:00,30.825234412405532,95.11582148757941,158.5714745479125
2026-01-05 09:00:00+00:00,24.61351478326784,85.02873063945958,133.13916640700995
2026-01-05 10:00:00+00:00,6.455048596876739,51.10593069580375,82.2881253510865
2026-01-05 11:00:00+00:00,0.0,36.823105562940924,60.498182875063314
2026-01-05 12:00:00+00:00,0.0,30.88917982437156,47.696926038920175
2026-01-05 13:00:00+00:00,0.0,28.934489030806255,53.77363901653529
2026-01-05 14:00:00+00:00,5.434536758466371,43.76213857031969,80.44982002733526
2026-01-05 15:00:00+00:00,18.550237900032272,56.076342654381406,104.97419333395933
2026-01-05 16:00:00+00:00,37.770048191871936,80.81732566089846,153.79620403980294
2026-01-05 17:00:00+00:00,35.315516330680566,81.8311594042498,161.9824058452069
2026-01-05 18:00:00+00:00,28.784057520473635,70.31299899154301,143.6290501517667
2026-01-05 19:00:00+00:00,26.133280226083297,67.3910779864241,126.43613868863916
2026-01-05 20:00:00+00:00,29.38396429972011,67.12036940069838,126.5783310598942
2026-01-05 21:00:00+00:00,55.0753990284896,99.35699154557885,172.4933373402564
2026-01-05 22:00:00+00:00,74.5338969300538,126.49307809857996,213.9407249458297
2026-01-05 23:00:00+00:00,82.2724438535681,140.227671597514,224.407955071142
2026-01-06 00:00:00+00:00,215.5162499711308,281.3230552472354,483.3945059835444
2026-01-06 01:00:00+00:00,419.193600943928,498.0026056036618,680.4433835166642
2026-01-06 02:00:00+00:00,211.11993745862824,304.6397043747649,455.0646926175006
2026-01-06 03:00:00+00:00,203.81793686769805,294.1344171965627,437.266154313697
2026-01-06 04:00:00+00:00,189.49238019146344,272.5990420132455,402.04942236645377
2026-01-06 05:00:00+00:00,253.04115113695332,343.8668637524884,476.2391150067028
2026-01-06 06:00:00+00:00,547.7691191959004,669.4094076595403,874.0686124244737
2026-01-06 07:00:00+00:00,376.53890910164006,493.92444289154423,699.1373235330569
2026-01-06 08:00:00+00:00,337.2743640071554,483.81225110015936,673.4476095263102
2026-01-06 09:00:00+00:00,193.78143641602585,350.55950903504834,542.7590172956286
2026-01-06 10:00:00+00:00,104.47604320562534,210.7249811295146,344.35817078146425
2026-01-06 11:00:00+00:00,118.13997190014709,203.23011862239727,324.1060531097979
2026-01-06 12:00:00+00:00,121.33814026049586,207.8148924173807,324.7956657936619
2026-01-06 13:00:00+00:00,101.28890076037203,179.13459182214135,285.4319382378333
2026-01-06 14:00:00+00:00,140.34699954045985,214.71407020002528,331.23279698319504
2026-01-06 15:00:00+00:00,153.7157540447997,242.7359109887705,371.6815188685234
2026-01-06 16:00:00+00:00,146.43938411619177,256.3380189112925,402.94977784741894
2026-01-06 17:00:00+00:00,138.36019294963944,241.7973858095937,393.13790696075466
2026-01-06 18:00:00+00:00,118.59551701541383,209.97984627515677,345.1675912964731
2026-01-06 19:00:00+00:00,115.69850296769246,201.96077071567692,322.9573529121292
2026-01-06 20:00:00+00:00,114.01233886392615,198.49823541412525,311.33759673350096
2026-01-06 21:00:00+00:00,118.51050169500556,198.3990760606058,314.3657437945549
2026-01-06 22:00:00+00:00,135.9885366527242,206.66574492300967,320.53430712591216
2026-01-06 23:00:00+00:00,142.21040262792184,199.47696143374972,297.1133638137354
2026-01-07 00:00:00+00:00,104.89858325382549,153.6250345623414,244.85442006303174
2026-01-07 01:00:00+00:00,78.69634567558819,113.88069790031722,192.51198198834174
2026-01-07 02:00:00+00:00,52.53649255220253,77.25950677231484,137.4185493876411
2026-01-07 03:00:00+00:00,26.62825128376219,45.08147133985205,88.1640782073276
2026-01-07 04:00:00+00:00,12.1738222703509,22.447442965309854,50.946174119045594
2026-01-07 05:00:00+00:00,10.252667250025707,15.224127168644266,35.96592463667669
2026-01-07 06:00:00+00:00,20.24527812781504,34.471259683216175,59.93918530075889
2026-01-07 07:00:00+00:00,14.733498424647449,23.358420277883617,44.9649757452381
2026-01-07 08:00:00+00:00,1.1172791996533287,2.7798242319898754,12.543435680784212
2026-01-07 09:00:00+00:00,0.0,0.0,3.1973548279151487
2026-01-07 10:00:00+00:00,0.0,0.0,0.06414789598861208
2026-01-07 11:00:00+00:00,0.0,0.0,0.0
2026-01-07 12:00:00+00:00,0.0,0.043400362998611386,0.8138071227385723
2026-01-07 13:00:00+00:00,0.0,1.0859303768095294,5.471687538296352
2026-01-07 14:00:00+00:00,0.0,5.187179600291574,17.16004283721599
2026-01-07 15:00:00+00:00,0.0,5.0925904157828965,20.242987966941154
2026-01-07 16:00:00+00:00,0.0,4.425907818440752,19.191338611522
2026-01-07 17:00:00+00:00,0.0,3.90975128269884,15.100236331198216
2026-01-07 18:00:00+00:00,0.0,3.4646681049471537,16.51557432758763
2026-01-07 19:00:00+00:00,0.0,4.230613214000712,22.662384097193552
2026-01-07 20:00:00+00:00,0.0,3.463137200700708,23.705246490742446
2026-01-07 21:00:00+00:00,0.0,5.7071189379347125,26.66297432613564
2026-01-07 22:00:00+00:00,0.0,9.548599245249587,31.080306961175015
2026-01-07 23:00:00+00:00,5.143035821791549,19.706133851879386,42.741102211078804
2026-01-08 00:00:00+00:00,0.0,14.261690642643321,36.11752275523286
2026-01-08 01:00:00+00:00,0.0,16.945461267191227,45.53464967904908
2026-01-08 02:00:00+00:00,0.0,22.38402516924058,46.05728095366189
2026-01-08 03:00:00+00:00,0.0,27.18722368473501,58.782956736456455
2026-01-08 04:00:00+00:00,4.0208868513145175,30.966735914466085,72.84565688358511
2026-01-08 05:00:00+00:00,0.0,25.48825959668224,68.54332760548242
2026-01-08 06:00:00+00:00,0.0,22.36814369064301,55.6775210366109
2026-01-08 07:00:00+00:00,0.0,18.974418154402542,52.2403969590365
2026-01-08 08:00:00+00:00,0.0,19.623439130615882,49.728056156942785
2026-01-08 09:00:00+00:00,9.127641872481346,31.84886243003001,66.15493573137343
2026-01-08 10:00:00+00:00,0.0,12.22216894581103,44.115377779639125
2026-01-08 11:00:00+00:00,0.0,10.425403384722241,21.661963978157708
2026-01-08 12:00:00+00:00,0.0,6.001701521974811,24.200172058123556
2026-01-08 13:00:00+00:00,0.0,9.908733862638709,21.184212637384594
2026-01-08 14:00:00+00:00,14.65815689150657,29.912811819812955,48.90005349858143
2026-01-08 15:00:00+00:00,44.64296951092609,73.04948621000504,108.59433043529197
2026-01-08 16:00:00+00:00,76.74252802347185,109.10907381941485,168.61811617629186
2026-01-08 17:00:00+00:00,106.54640500715023,154.41435686194575,222.91004642330333
2026-01-08 18:00:00+00:00,75.23686169427042,117.019841661995,171.22377161615424
2026-01-08 19:00:00+00:00,70.06627198622621,120.59960690051795,186.35556572900737
2026-01-08 20:00:00+00:00,66.12170680452944,112.37456945307571,185.97061818654961
2026-01-08 21:00:00+00:00,56.96891844473363,112.24811913218062,188.96275870101604
2026-01-08 22:00:00+00:00,67.87169001134325,137.4769938611982,230.64188323570323
2026-01-08 23:00:00+00:00,136.38507738243462,220.60058254015217,336.16305493014806
2026-01-09 00:00:00+00:00,185.93480110888575,274.9789599270139,414.3111182924947
2026-01-09 01:00:00+00:00,191.62407790351025,300.6704261395366,460.6416171457381
2026-01-09 02:00:00+00:00,184.1389079723363,318.5751226407901,501.4509084973307
2026-01-09 03:00:00+00:00,226.45127557571794,379.1767744266841,602.722706681135
2026-01-09 04:00:00+00:00,290.2281170472601,466.728904585294,751.2424015798908
2026-01-09 05:00:00+00:00,345.7890634222348,534.9958217847831,845.180088690138
2026-01-09 06:00:00+00:00,356.30092271428686,555.888907770427,888.4920798914951
2026-01-09 07:00:00+00:00,397.0618519995563,600.824502684246,935.6280492686382
2026-01-09 08:00:00+00:00,421.0057720146049,631.4895224578679,992.3082966760726
2026-01-09 09:00:00+00:00,410.03692780488706,630.2590446825932,1008.7873913032641
2026-01-09 10:00:00+00:00,409.4860881266978,647.7294455249885,1056.4143352130263
2026-01-09 11:00:00+00:00,437.6458136981057,686.4794049913344,1120.550413555476
2026-01-09 12:00:00+00:00,430.98907436999457,653.0270680612841,998.0535320936585
2026-01-09 13:00:00+00:00,342.7980042915586,565.1882969416599,930.2272350596219
2026-01-09 14:00:00+00:00,493.6013799330872,729.125383387711,1137.9257544271818
2026-01-09 15:00:00+00:00,501.06399217095134,751.7184275188747,1181.9866389046358
2026-01-09 16:00:00+00:00,518.1624424087317,757.2683819785631,1178.402513893996
2026-01-09 17:00:00+00:00,553.840631045602,803.8676009560371,1249.342568351298
2026-01-09 18:00:00+00:00,515.224043737229,771.3743021912862,1208.4247012578394
2026-01-09 19:00:00+00:00,524.4492864081226,784.416635582917,1227.5247539386837
2026-01-09 20:00:00+00:00,564.2269236568332,832.0041289392498,1289.4261741971131
2026-01-09 21:00:00+00:00,589.1077408087604,868.3746004851877,1343.2879480354504
2026-01-09 22:00:00+00:00,555.2554377033177,834.7620344377963,1304.8795449591298
2026-01-09 23:00:00+00:00,529.8102452134253,811.7152059700477,1274.2241371074642
2026-01-10 00:00:00+00:00,527.0110645993691,815.0175690722929,1292.5465451817188
2026-01-10 01:00:00+00:00,414.18649734410326,707.6223358885943,1175.8574326947394
2026-01-10 02:00:00+00:00,479.57011050214436,773.8773499010349,1263.9574887838373
2026-01-10 03:00:00+00:00,585.1811270004353,876.6586997763422,1348.4916060421024
2026-01-10 04:00:00+00:00,519.922963549792,817.28676298509,1304.3515986143962
2026-01-10 05:00:00+00:00,521.8615253477635,803.2257474802054,1268.251877037259
2026-01-10 06:00:00+00:00,491.2367229714896,784.0900026527795,1261.3453109593904
2026-01-10 07:00:00+00:00,507.50909839259685,790.8045495694956,1245.7365093445612
2026-01-10 08:00:00+00:00,503.76948778060773,783.3049860635035,1216.3601185721434
2026-01-10 09:00:00+00:00,507.42305604397677,772.0117776292216,1211.6025690353554
2026-01-10 10:00:00+00:00,558.4643417277213,801.0326267627165,1225.3736925287308
2026-01-10 11:00:00+00:00,589.373135028239,819.1515658033528,1272.4338965504267
2026-01-10 12:00:00+00:00,538.4202504146249,707.9635711594026,1080.5068651694467
2026-01-10 13:00:00+00:00,521.1420375107476,684.5577071428473,1009.8326689940315
2026-01-10 14:00:00+00:00,484.33729632269575,637.3508549573112,927.4021776594435
2026-01-10 15:00:00+00:00,212.408762941441,371.94550236967353,675.4503256720782
2026-01-10 16:00:00+00:00,83.08687277581195,224.560404827806,531.2469719662372
2026-01-10 17:00:00+00:00,67.62136971232584,168.59892514521005,487.26652367780713
2026-01-10 18:00:00+00:00,77.87448237829435,139.81630093537558,390.3803480950723
2026-01-10 19:00:00+00:00,126.46127379853282,180.60743762628874,425.93052458970106
2026-01-10 20:00:00+00:00,118.51447921680119,173.35377370419005,393.9345333698975
2026-01-10 21:00:00+00:00,114.62597996676206,170.44650610702047,395.2506819183478
2026-01-10 22:00:00+00:00,108.42160972013154,171.0086714034191,402.2589828910498
2026-01-10 23:00:00+00:00,76.30795445337633,144.28271007857978,371.53910291295523
2026-01-11 00:00:00+00:00,79.66789930971893,121.65638738589371,328.5755938131434
2026-01-11 01:00:00+00:00,148.90985585586333,205.05861932485374,416.2203212243742
2026-01-11 02:00:00+00:00,139.71340914808866,224.56380755810147,423.6961877396303
2026-01-11 03:00:00+00:00,79.6105956287992,162.71169580846112,357.3390348943239
2026-01-11 04:00:00+00:00,41.53405231311352,97.9598070855907,288.2732954599662
2026-01-11 05:00:00+00:00,42.90453447111554,76.7888871370596,249.86613935834527
2026-01-11 06:00:00+00:00,37.45625974317265,66.54555643440193,212.71169349762505
2026-01-11 07:00:00+00:00,60.14420585232713,90.26353118658511,191.34803574523318
2026-01-11 08:00:00+00:00,65.6767093635907,98.02635760910452,174.54036643314814
2026-01-11 09:00:00+00:00,54.59334248496789,98.85016092624491,150.51001409130248
2026-01-11 10:00:00+00:00,34.92508307206577,65.10992437619508,108.25788015633684
2026-01-11 11:00:00+00:00,51.65286553601321,80.29858858751673,126.69753432982255
2026-01-11 12:00:00+00:00,34.19147225187214,69.16660266369999,153.5263058874665
2026-01-11 13:00:00+00:00,76.46615689168966,118.7223967400483,202.7632165336979
2026-01-11 14:00:00+00:00,89.95860686354551,131.6762736841559,206.5305841385285
2026-01-11 15:00:00+00:00,90.64234137441339,128.28097734880174,214.26256814734344
2026-01-11 16:00:00+00:00,63.36525810356044,95.9672294464551,167.32757030973536
2026-01-11 17:00:00+00:00,46.555510098427554,69.76910177390013,117.16531360935348
2026-01-11 18:00:00+00:00,78.11425415661597,106.0683814517016,153.0919181649465
2026-01-11 19:00:00+00:00,60.62310100417392,95.69697417215299,148.017217710671
2026-01-11 20:00:00+00:00,38.84594296290551,77.96049566695451,128.4893839592841
2026-01-11 21:00:00+00:00,29.19976327497256,66.73643735308414,117.27450075672812
2026-01-11 22:00:00+00:00,40.81679872373226,76.61155553145664,132.20626244222137
2026-01-11 23:00:00+00:00,51.95615751577202,81.95682368430533,138.53006281452627
2026-01-12 00:00:00+00:00,64.23563109318746,86.58707116479161,144.35058447103472
2026-01-12 01:00:00+00:00,50.98196982627881,74.3609340877926,122.53200405990333
2026-01-12 02:00:00+00:00,44.080660029551254,67.63628349097554,108.5984680543865
2026-01-12 03:00:00+00:00,59.35908701429686,87.61260434427241,132.24574672201356
2026-01-12 04:00:00+00:00,114.73052239076156,150.1706304443568,208.38197166381207
2026-01-12 05:00:00+00:00,134.72241625343068,177.19299468044028,250.6484323681695
2026-01-12 06:00:00+00:00,83.83392566587702,111.78316899359788,162.8309232945536
2026-01-12 07:00:00+00:00,54.36492861782837,79.6027388829801,124.03116538974062
2026-01-12 08:00:00+00:00,16.938587294355393,40.268077338889185,75.72111513585007
2026-01-12 09:00:00+00:00,27.382059408756945,44.600981353348345,78.02503130990996
2026-01-12 10:00:00+00:00,30.43623744112454,38.494245025322684,57.342648236456526
2026-01-12 11:00:00+00:00,12.230810869903058,16.944646011538993,33.928573361660284
2026-01-12 12:00:00+00:00,0.0,8.461999441954461,23.597771062233416
2026-01-12 13:00:00+00:00,11.17615091987899,21.112622783519086,41.87083452788184
2026-01-12 14:00:00+00:00,54.019685777424364,60.40340650194277,84.46803578749125
2026-01-12 15:00:00+00:00,35.617640287803425,40.51981022868639,62.85060561387044
2026-01-12 16:00:00+00:00,21.877863318784417,28.76124692692654,56.616289589080154
2026-01-12 17:00:00+00:00,18.329539919277334,25.392756491219764,51.474402429182874
2026-01-12 18:00:00+00:00,0.0,6.5578402148963795,25.38430434207067
2026-01-12 19:00:00+00:00,0.0,5.949018233190293,24.22857792373205
2026-01-12 20:00:00+00:00,0.0,4.22143976346374,19.458048436408927
2026-01-12 21:00:00+00:00,5.925604011796525,10.991639273672156,22.382906856773282
2026-01-12 22:00:00+00:00,10.983519230561102,17.488694333439703,29.45633938837171
2026-01-12 23:00:00+00:00,12.269532896147247,19.00684726311379,31.39412151395081
2026-01-13 00:00:00+00:00,30.89545061589175,35.67603271172087,49.283222298551365
2026-01-13 01:00:00+00:00,24.13154982896721,28.613323871398272,44.908322297326876
2026-01-13 02:00:00+00:00,13.922095669924582,15.778258295370748,28.18604323139175
2026-01-13 03:00:00+00:00,17.331875557083997,30.75820268066213,62.70228886293101
2026-01-13 04:00:00+00:00,26.228054968735094,47.31958871277605,87.23515933878653
2026-01-13 05:00:00+00:00,28.322029116151114,46.62087216669964,84.51898632605496
2026-01-13 06:00:00+00:00,50.35995022318641,67.17977191331232,114.8108322271949
2026-01-13 07:00:00+00:00,30.7163946521013,47.32018391795474,91.31878310863394
2026-01-13 08:00:00+00:00,10.07877812245009,28.493090030700813,66.2557693756016
2026-01-13 09:00:00+00:00,0.0,9.905578386445427,29.701852740143426
2026-01-13 10:00:00+00:00,0.0,2.9642759543235355,9.6218878295253
2026-01-13 11:00:00+00:00,0.0,0.7027812194625793,0.7027812194625793
2026-01-13 12:00:00+00:00,0.0,2.1179361224258986,2.1179361224258986
2026-01-13 13:00:00+00:00,0.0,0.6183215644815342,0.6183215644815342
2026-01-13 14:00:00+00:00,0.0,2.8303897640579767,3.0730496236312668
2026-01-13 15:00:00+00:00,0.0,5.824652089172863,11.578129148588797
2026-01-13 16:00:00+00:00,0.672200835735449,5.416581641419075,10.842989763207157
2026-01-13 17:00:00+00:00,0.0,5.378911547786204,11.891015315810236
2026-01-13 18:00:00+00:00,0.0,7.3274853083181215,16.317536144063478
2026-01-13 19:00:00+00:00,6.524814870684894,17.237675478064958,33.229843835569525
2026-01-13 20:00:00+00:00,29.92099791653594,39.771087778234744,60.32672802174121
2026-01-13 21:00:00+00:00,37.56381186283822,46.61974641077739,75.59559634758493
2026-01-13 22:00:00+00:00,39.36972985220951,50.11244206968759,81.93795316717423
2026-01-13 23:00:00+00:00,38.888374494462354,49.93873174822089,78.11561373340552
2026-01-14 00:00:00+00:00,6.518050877780612,10.48535760484276,23.4779272363023
2026-01-14 01:00:00+00:00,9.897018696154795,16.512882985009664,34.403743334381986
2026-01-14 02:00:00+00:00,32.326474266066406,43.40721571515523,73.38732744672797
2026-01-14 03:00:00+00:00,48.65263070402939,68.25477297282193,115.35686822427058
2026-01-14 04:00:00+00:00,64.08278083933365,94.49804721036347,152.46798863208
2026-01-14 05:00:00+00:00,89.83395875383316,139.455730638524,202.43284102004912
2026-01-14 06:00:00+00:00,88.43072419723462,144.0150734658346,206.7791543065121
2026-01-14 07:00:00+00:00,99.1448177529296,163.5732798598632,242.91227593851858
2026-01-14 08:00:00+00:00,111.49594188476327,192.4400572359765,281.7983513462658
2026-01-14 09:00:00+00:00,92.41491951523447,177.38332632739213,263.9653016358045
2026-01-14 10:00:00+00:00,79.23793231848013,175.26074164148838,266.13970534360453
2026-01-14 11:00:00+00:00,54.61172582165066,158.58219947853337,247.56866238755015
2026-01-14 12:00:00+00:00,74.94489181090304,177.7615747387589,288.93292301644243
2026-01-14 13:00:00+00:00,116.74148495434558,218.9427747470139,334.9802652011557
2026-01-14 14:00:00+00:00,125.43562299061152,262.05466143723686,421.0612380627966
2026-01-14 15:00:00+00:00,178.0374026443304,333.5055471476811,529.0742345357146
2026-01-14 16:00:00+00:00,232.20762183014517,402.67282806276296,635.243591471338
2026-01-14 17:00:00+00:00,227.18639079348316,405.7750025935685,662.4202798410178
2026-01-14 18:00:00+00:00,206.45140405563842,368.19891177970806,591.9818713685154
2026-01-14 19:00:00+00:00,292.55183380334773,454.88528406190846,692.6427083348913
2026-01-14 20:00:00+00:00,246.5837904328871,406.4638453843525,653.5648777649145
2026-01-14 21:00:00+00:00,278.66563203096,450.0100441241271,708.825533245476
2026-01-14 22:00:00+00:00,320.1455706578259,509.3930731579976,799.1475136427731
2026-01-14 23:00:00+00:00,324.70000672202553,531.4915681044854,830.5252738067006
2026-01-15 00:00:00+00:00,290.7852139726259,492.92770297923823,788.7235926383577
2026-01-15 01:00:00+00:00,295.9173660457219,506.22771833705315,814.262664131249
2026-01-15 02:00:00+00:00,303.4909420994047,520.1330446844838,834.7588796302457
2026-01-15 03:00:00+00:00,289.55242071976073,510.7545134250073,813.6804641762167
2026-01-15 04:00:00+00:00,273.3398180094977,492.35475408122244,798.6352009781344
2026-01-15 05:00:00+00:00,320.88001832399334,540.2844096473478,818.2941344235096
2026-01-15 06:00:00+00:00,262.0083723918301,443.56002353789574,685.9174596232963
2026-01-15 07:00:00+00:00,128.72937616443465,294.56878438509517,503.06136914081515
2026-01-15 08:00:00+00:00,199.41639093586238,363.17039370547775,569.1463071944893
2026-01-15 09:00:00+00:00,167.6884205744304,313.3767696886259,520.0604522787235
2026-01-15 10:00:00+00:00,147.12868033812467,284.7349980744126,452.75017408020994
2026-01-15 11:00:00+00:00,108.47189614586448,237.03677616085696,379.3838123877889
2026-01-15 12:00:00+00:00,60.8666172272402,128.05799753363755,239.53703000441595
2026-01-15 13:00:00+00:00,57.68332685947987,141.95087395059997,272.6526674765451
2026-01-15 14:00:00+00:00,62.04445591808327,155.34078601112066,286.5087285415984
2026-01-15 15:00:00+00:00,90.59936649417413,187.75999480696237,311.3681734583968
2026-01-15 16:00:00+00:00,94.0204379415655,195.5547685668085,321.2115769093451
2026-01-15 17:00:00+00:00,107.70621750200614,217.39569545248912,351.06954025838616
2026-01-15 18:00:00+00:00,125.49523338985651,207.6266822066087,335.4398101652944
2026-01-15 19:00:00+00:00,90.15349056155597,184.38675310047785,304.2611218495685
2026-01-15 20:00:00+00:00,117.5210435956792,218.73194187340414,359.873339848833
2026-01-15 21:00:00+00:00,115.81588461542117,230.46245012065964,384.7002774532194
2026-01-15 22:00:00+00:00,124.15195856945554,252.67781641292822,411.7324513334405
2026-01-15 23:00:00+00:00,129.77305350434375,252.74411832209046,411.81754765733405
2026-01-16 00:00:00+00:00,84.94188074113106,177.76543481634835,326.93124929149894
2026-01-16 01:00:00+00:00,100.84389546275479,207.26412654374235,367.04657138629983
2026-01-16 02:00:00+00:00,100.75156095254533,209.6701196301468,358.0831608480095
2026-01-16 03:00:00+00:00,71.22294165212922,174.69366764387834,326.05304700793806
2026-01-16 04:00:00+00:00,59.82457349984951,161.79731868736988,302.1743360587542
2026-01-16 05:00:00+00:00,79.53154690245435,192.75299921073284,344.1304498208566
2026-01-16 06:00:00+00:00,39.336200277756674,165.9692164624489,318.18388921552713
2026-01-16 07:00:00+00:00,58.255556938175125,196.04863745913764,377.1468406062556
2026-01-16 08:00:00+00:00,88.53394491120935,212.67198569379758,363.43808437016173
2026-01-16 09:00:00+00:00,65.24957583098322,173.57660286913358,292.0916575763883
2026-01-16 10:00:00+00:00,109.68157731997317,229.5310079247271,334.04264052171266
2026-01-16 11:00:00+00:00,107.78948790817608,229.61728621217534,345.9458622954974
2026-01-16 12:00:00+00:00,104.90493936852397,223.70386895388307,332.03914054914185
2026-01-16 13:00:00+00:00,113.58064368376654,234.71244812695232,343.34795265060336
2026-01-16 14:00:00+00:00,105.13289269756272,254.2883427829442,420.0677710596291
2026-01-16 15:00:00+00:00,208.67405905189645,388.02737059600213,621.1526787528586
2026-01-16 16:00:00+00:00,243.03028466084442,433.86951144472096,691.9626205438415
2026-01-16 17:00:00+00:00,298.73042615465516,499.5718099318186,800.4050598721267
2026-01-16 18:00:00+00:00,325.40831345496304,535.9068585069208,844.350544161533
2026-01-16 19:00:00+00:00,330.23337027494125,564.673918630315,887.3266105461789
2026-01-16 20:00:00+00:00,309.3520860515516,547.1859426868104,872.5684957357169
2026-01-16 21:00:00+00:00,374.16478971373823,612.1267502510796,955.358634963832
2026-01-16 22:00:00+00:00,437.6697248484461,687.9951298809032,1064.103314391033
2026-01-16 23:00:00+00:00,437.10195084039435,685.9076544870735,1073.8994483969382
2026-01-17 00:00:00+00:00,375.9405605062089,606.9006519300691,943.6581962020979
2026-01-17 01:00:00+00:00,353.48200131404724,580.6420268223802,916.1072852767195
2026-01-17 02:00:00+00:00,364.08170960296655,593.4945012616894,926.6776836357913
2026-01-17 03:00:00+00:00,322.1755649170715,553.9298363865771,876.1302243270486
2026-01-17 04:00:00+00:00,286.2924588788914,499.4999520737149,780.4062954787375
2026-01-17 05:00:00+00:00,252.3770754545661,434.4914904918317,671.4653322134891
2026-01-17 06:00:00+00:00,204.07430681332926,382.0586976233668,599.2807302062309
2026-01-17 07:00:00+00:00,209.4781942722376,385.444976569884,600.2526131825072
2026-01-17 08:00:00+00:00,242.24537332352736,426.87924910388585,640.7167682148411
2026-01-17 09:00:00+00:00,194.939745860385,353.2959705232597,531.2510154933241
2026-01-17 10:00:00+00:00,106.88810584449908,269.1976653734029,439.96162097665126
2026-01-17 11:00:00+00:00,109.55344689300597,246.2032081809736,422.28267988843135
2026-01-17 12:00:00+00:00,50.22192268720078,147.84362501853326,271.9981406786535
2026-01-17 13:00:00+00:00,90.99686241887325,195.15094076126644,314.93518670003886
2026-01-17 14:00:00+00:00,108.6588281400207,218.5822712288487,360.1438531489813
2026-01-17 15:00:00+00:00,116.01323592058765,224.75774872791462,361.7152943937465
2026-01-17 16:00:00+00:00,116.51079215538556,212.22563159437166,335.8470599827915
2026-01-17 17:00:00+00:00,114.17663209565269,202.11742527660147,324.39769723262464
2026-01-17 18:00:00+00:00,80.53986229769966,156.32919164170403,262.2434825407024
2026-01-17 19:00:00+00:00,76.54310827417571,156.24632523771413,261.1175149356085
2026-01-17 20:00:00+00:00,74.32310018992,157.0899367975096,259.65312291375915
2026-01-17 21:00:00+00:00,66.04110532103934,145.87617171413217,236.34146590864816
2026-01-17 22:00:00+00:00,51.1982907289155,122.10799455470703,202.27441836526683
2026-01-17 23:00:00+00:00,43.339149567899966,105.31528667345566,174.07347989257806
2026-01-18 00:00:00+00:00,22.17649716634156,67.53682056711905,118.80927302476098
2026-01-18 01:00:00+00:00,29.386969412910986,67.93261751559271,117.64927679287311
2026-01-18 02:00:00+00:00,42.55602443019034,82.4563379103582,142.18928062635084
2026-01-18 03:00:00+00:00,49.61453011565853,88.81700373154206,157.8636374177802
2026-01-18 04:00:00+00:00,62.872559270014,100.34187488385828,177.59636239372674
2026-01-18 05:00:00+00:00,44.96124507128601,80.59436636994721,150.63743598613598
2026-01-18 06:00:00+00:00,24.2113604551216,55.684975752222826,106.32391267165808
2026-01-18 07:00:00+00:00,15.611555434389667,38.98762709803765,80.4286746253184
2026-01-18 08:00:00+00:00,22.927360231559042,51.1742332581677,102.50561969767007
2026-01-18 09:00:00+00:00,16.404904413781814,44.784572537201335,89.96008608438223
2026-01-18 10:00:00+00:00,15.859175566345305,41.740192006108856,63.68191136758805
2026-01-18 11:00:00+00:00,0.0,21.842739708234653,38.03424161369489
2026-01-18 12:00:00+00:00,0.0,11.582884065392975,22.636353853374132
2026-01-18 13:00:00+00:00,0.6686513970479252,11.42466584832052,19.600725016741457
2026-01-18 14:00:00+00:00,14.795673065221282,24.62555260029081,39.254824054162334
2026-01-18 15:00:00+00:00,44.622863643125086,61.17244510423565,85.84607124978123
2026-01-18 16:00:00+00:00,107.52687563993146,122.43970602356087,152.05588713909276
2026-01-18 17:00:00+00:00,167.68599669268264,187.7684496064115,227.22924045533478
2026-01-18 18:00:00+00:00,205.92500115405875,234.74668508503234,282.6188652996031
2026-01-18 19:00:00+00:00,268.8469103701007,305.1289250293722,358.4995105061501
2026-01-18 20:00:00+00:00,186.65905902203198,221.87222036524224,271.8090403485766
2026-01-18 21:00:00+00:00,116.24048677099773,144.90085827303824,197.0890456643222
2026-01-18 22:00:00+00:00,122.0185226631234,147.60898445312768,191.7841629412992
2026-01-18 23:00:00+00:00,91.97161808359812,119.54869968870533,151.56527975668166
2026-01-19 00:00:00+00:00,111.4165565356724,139.6167151980552,182.47016058366532
2026-01-19 01:00:00+00:00,120.29240803181264,150.49385269307768,195.5688785662868
2026-01-19 02:00:00+00:00,77.24478199509971,116.25923741532111,156.62653340313432
2026-01-19 03:00:00+00:00,57.41352288855061,98.00773184711431,131.60530591158675
2026-01-19 04:00:00+00:00,44.17497074525469,78.10549886282422,110.32827081049513
2026-01-19 05:00:00+00:00,55.30316259745305,80.25575934789342,112.39893862655256
2026-01-19 06:00:00+00:00,61.95334810392131,75.86306128782041,108.0159420717295
2026-01-19 07:00:00+00:00,62.87620022610291,81.52470646607573,117.8960533573515
2026-01-19 08:00:00+00:00,28.09859070775337,45.085491933575696,67.7682646533892
2026-01-19 09:00:00+00:00,0.0,3.6822078097218434,11.482726926586594
2026-01-19 10:00:00+00:00,0.0,3.168593872740547,4.0813492584334385
2026-01-19 11:00:00+00:00,0.0,2.449591343221192,2.923954933149526
2026-01-19 12:00:00+00:00,0.0,0.0,0.0
2026-01-19 13:00:00+00:00,0.0,0.0,0.0
2026-01-19 14:00:00+00:00,0.0,0.0,0.0
2026-01-19 15:00:00+00:00,0.0,1.2528541789717875,2.0571646721036716
2026-01-19 16:00:00+00:00,0.0,1.0303123382437982,3.354461531246359
2026-01-19 17:00:00+00:00,0.0,0.05574467004808314,1.3798459405783081
2026-01-19 18:00:00+00:00,0.0,0.6129605437378253,0.6129605437378253
2026-01-19 19:00:00+00:00,0.0,1.7523522423037745,2.6248735203905964
2026-01-19 20:00:00+00:00,0.0,4.737520747564839,7.146425992913253
2026-01-19 21:00:00+00:00,4.458436183668017,10.202048401022722,15.183943483460137
2026-01-19 22:00:00+00:00,0.0,6.055510570262005,6.128666925605946
2026-01-19 23:00:00+00:00,0.0,6.141352242267387,9.468764396743893
2026-01-20 00:00:00+00:00,0.0,2.9951626087823793,2.9951626087823793
2026-01-20 01:00:00+00:00,0.0,8.178596983569005,9.874184614907001
2026-01-20 02:00:00+00:00,0.0,5.150994210915536,8.250644056221258
2026-01-20 03:00:00+00:00,0.0,2.164560758934878,5.9589000433687485
2026-01-20 04:00:00+00:00,0.0,3.138149075006422,7.585748505377453
2026-01-20 05:00:00+00:00,0.0,7.449416089729377,10.945959795314343
2026-01-20 06:00:00+00:00,0.0,1.4096881059584327,8.850823757574943
2026-01-20 07:00:00+00:00,0.0,1.631472514870767,2.5983914993871773
2026-01-20 08:00:00+00:00,0.0,2.409054405213086,10.130446300643905
2026-01-20 09:00:00+00:00,0.0,0.0,0.0
2026-01-20 10:00:00+00:00,0.0,0.0,0.0
2026-01-20 11:00:00+00:00,0.0,0.0,0.0
2026-01-20 12:00:00+00:00,0.0,0.0,0.0
2026-01-20 13:00:00+00:00,0.0,0.0,0.0
2026-01-20 14:00:00+00:00,0.0,0.0,0.0
2026-01-20 15:00:00+00:00,0.0,0.0,0.0
2026-01-20 16:00:00+00:00,0.0,0.0,0.0
2026-01-20 17:00:00+00:00,0.0,0.0,0.0
2026-01-20 18:00:00+00:00,0.0,0.0,0.0
2026-01-20 19:00:00+00:00,0.0,0.0,0.4187203039064434
2026-01-20 20:00:00+00:00,0.0,0.334603137938685,1.5569271850568196
2026-01-20 21:00:00+00:00,0.0,0.6633668895777093,3.5892878234282666
2026-01-20 22:00:00+00:00,0.0,1.5050477963260904,3.1909501722051523
2026-01-20 23:00:00+00:00,0.0,0.7515937926749641,5.390561091664317
2026-01-21 00:00:00+00:00,15.744582942278289,22.22493151047388,31.714314014030283
2026-01-21 01:00:00+00:00,37.36342736465107,47.577900845219155,66.81057251640507
2026-01-21 02:00:00+00:00,39.89100767250735,63.58310054468831,103.23456344112898
2026-01-21 03:00:00+00:00,38.87017283175073,74.28888613317469,127.52932914770656
2026-01-21 04:00:00+00:00,62.54358073247505,101.5555638040772,167.71603401276744
2026-01-21 05:00:00+00:00,68.86284090478618,106.56765421112956,169.34271109226367
2026-01-21 06:00:00+00:00,89.02289928640774,133.69863760525925,213.34484678388372
2026-01-21 07:00:00+00:00,84.54542831986457,137.07797853500722,232.53763932483253
2026-01-21 08:00:00+00:00,49.746313875746864,112.43042894681079,218.1045472778835
2026-01-21 09:00:00+00:00,36.78702564059443,104.79254680123242,190.59443686531137
2026-01-21 10:00:00+00:00,53.53513701931429,92.88625991752676,157.38805497436255
2026-01-21 11:00:00+00:00,73.2769056915666,116.18246855429219,196.01653758818514
2026-01-21 12:00:00+00:00,44.8886926910206,96.19207377846105,182.88635199604994
2026-01-21 13:00:00+00:00,62.41171456222013,117.66841784087063,201.00148600025597
2026-01-21 14:00:00+00:00,110.51456271133746,214.89801870418734,357.9627100478426
2026-01-21 15:00:00+00:00,141.00330527649996,261.8237687375154,416.8352203509776
2026-01-21 16:00:00+00:00,179.47440432673497,296.61109936576827,455.1614370788488
2026-01-21 17:00:00+00:00,227.69699245880705,336.26069679131683,512.1503795275996
2026-01-21 18:00:00+00:00,194.0770914222753,297.1707908231103,468.84793002742845
2026-01-21 19:00:00+00:00,188.4721176039647,291.2681288181879,484.9574833645771
2026-01-21 20:00:00+00:00,189.34351930202243,296.9880838219689,485.9906923526048
2026-01-21 21:00:00+00:00,197.49567120464354,318.50593277559926,500.094537743138
2026-01-21 22:00:00+00:00,177.09531836539193,304.4171904228563,487.36744559010765
2026-01-21 23:00:00+00:00,152.34072211463652,276.1313258826671,446.7490509771078
2026-01-22 00:00:00+00:00,126.48438164448233,241.6725861376657,399.52065515137616
2026-01-22 01:00:00+00:00,135.48829963598715,243.81286981247212,395.2026552609361
2026-01-22 02:00:00+00:00,154.57455573135454,255.1490443919813,402.48562658124644
2026-01-22 03:00:00+00:00,158.1732538283135,251.6171818369614,395.1682690512057
2026-01-22 04:00:00+00:00,179.84405645305532,275.85935460562024,422.6483332285284
2026-01-22 05:00:00+00:00,205.1825680094518,300.9389678264908,457.56113416805
2026-01-22 06:00:00+00:00,180.01421825836783,273.75477075739366,414.5413742774383
2026-01-22 07:00:00+00:00,162.90603284678318,258.6648345856268,408.1124564918506
2026-01-22 08:00:00+00:00,158.6850649808743,249.82586771940174,399.36018759546687
2026-01-22 09:00:00+00:00,144.35887117228975,221.39528350097413,340.620423587411
2026-01-22 10:00:00+00:00,174.5377248893592,255.6383899168806,378.71587352057685
2026-01-22 11:00:00+00:00,149.21130484932723,224.36886290294154,355.19959658917077
2026-01-22 12:00:00+00:00,121.35406762242926,188.7619505514359,306.2852536384541
2026-01-22 13:00:00+00:00,125.50275235174443,191.7026009626519,297.8677151795867
2026-01-22 14:00:00+00:00,118.89784110381382,204.41118591631835,321.1092917573477
2026-01-22 15:00:00+00:00,129.38602943704532,225.30443238685172,354.02205963760616
2026-01-22 16:00:00+00:00,108.3744828400943,201.91855265344486,320.4074110696222
2026-01-22 17:00:00+00:00,93.51505317820038,172.58486778977377,279.70600153100554
2026-01-22 18:00:00+00:00,97.17704476412027,169.05445387439238,265.8655265679028
2026-01-22 19:00:00+00:00,102.18081688896653,175.99934037300244,272.7415233232553
2026-01-22 20:00:00+00:00,95.31097865634662,162.02357585161133,250.43302309987666
2026-01-22 21:00:00+00:00,90.16371640287244,151.16719929051519,234.50975197003606
2026-01-22 22:00:00+00:00,80.0532226452207,132.23042857063967,205.7047167017009
2026-01-22 23:00:00+00:00,70.0324932373484,113.89727019058299,182.26719611629363
2026-01-23 00:00:00+00:00,69.10727209858128,109.45400276618098,171.4181443671996
2026-01-23 01:00:00+00:00,63.52112990766529,102.34669972859994,161.88195178835434
2026-01-23 02:00:00+00:00,58.8275167943652,96.46482713826688,150.45169882841526
2026-01-23 03:00:00+00:00,54.503908701109125,90.32811988660465,138.93030079624202
2026-01-23 04:00:00+00:00,57.60333731054246,90.74464621368392,132.7981103162107
2026-01-23 05:00:00+00:00,44.97898216284759,74.6771416230918,114.07450523033532
2026-01-23 06:00:00+00:00,36.064252787330325,60.57040405582576,93.91572585537236
2026-01-23 07:00:00+00:00,38.91271452978768,62.90345081832365,100.18663445528739
2026-01-23 08:00:00+00:00,35.88999335298895,60.95559328301786,91.55322693957767
2026-01-23 09:00:00+00:00,32.49643176024722,51.81982243583538,81.10999488269394
2026-01-23 10:00:00+00:00,19.990348968103326,37.9679434889134,60.84842285092229
2026-01-23 11:00:00+00:00,11.124889383957418,25.724264146805915,47.62232195505341
2026-01-23 12:00:00+00:00,11.155477864789829,31.13349485741471,47.424212803421526
2026-01-23 13:00:00+00:00,10.715270034729551,32.28935410306685,57.168473999541945
2026-01-23 14:00:00+00:00,6.475626953673364,48.45044875863703,92.31588330923313
2026-01-23 15:00:00+00:00,18.212555183018978,76.36961627275477,144.24204683888905
2026-01-23 16:00:00+00:00,55.438383743269796,110.89167416492896,194.7947052062952
2026-01-23 17:00:00+00:00,69.25148043969253,114.50656811753694,201.9411583981837
2026-01-23 18:00:00+00:00,73.12676322120204,106.65734143496232,188.1169466266229
2026-01-23 19:00:00+00:00,74.97209695312387,105.76419541911943,179.6966001480848
2026-01-23 20:00:00+00:00,68.35534216791608,97.60557275927637,163.51288778866933
2026-01-23 21:00:00+00:00,44.89429782950907,72.30459656609955,128.66228220000207
2026-01-23 22:00:00+00:00,29.794724380871006,58.19771768587022,103.54302360180962
2026-01-23 23:00:00+00:00,21.147174371957167,50.738110526152845,91.4751380014217
2026-01-24 00:00:00+00:00,14.314536626670215,37.59495152549832,72.61006740949364
2026-01-24 01:00:00+00:00,12.236285776716375,30.181062938116376,64.49313607396013
2026-01-24 02:00:00+00:00,12.503401252365762,25.81335833965609,58.46378543500134
2026-01-24 03:00:00+00:00,17.738697942179854,31.142454773205476,62.437924811671536
2026-01-24 04:00:00+00:00,26.382776312532773,41.16112873646541,70.19748296681333
2026-01-24 05:00:00+00:00,27.177872804132033,43.49143163433608,72.6256813547253
2026-01-24 06:00:00+00:00,16.213368848508512,34.8194183150771,60.898375481650874
2026-01-24 07:00:00+00:00,24.383123710156926,47.539140888621446,78.65352355062338
2026-01-24 08:00:00+00:00,27.518570331243588,51.89033102073399,78.36901406380443
2026-01-24 09:00:00+00:00,29.336141874562127,47.22777871727918,70.29602704501339
2026-01-24 10:00:00+00:00,9.88272483216737,23.162074419698648,33.95774692320616
2026-01-24 11:00:00+00:00,0.4488289116276372,9.102288463277299,15.117653562628918
2026-01-24 12:00:00+00:00,8.7780212379153,19.663069948169998,29.96044036918132
2026-01-24 13:00:00+00:00,8.328592290670816,19.934108441732285,32.40533310205738
2026-01-24 14:00:00+00:00,15.72974640048125,24.571962470086824,36.38184898727695
2026-01-24 15:00:00+00:00,17.575978078465276,31.65111354394842,54.59389451552552
2026-01-24 16:00:00+00:00,27.310611720954086,48.36130645419621,82.01591449300126
2026-01-24 17:00:00+00:00,39.37947572065732,61.56987359156328,96.12979657264233
2026-01-24 18:00:00+00:00,27.622075232626724,51.80744248220823,94.99081779444855
2026-01-24 19:00:00+00:00,42.58787634096973,66.03759270327612,112.97769428375943
2026-01-24 20:00:00+00:00,50.837875868903296,77.81145428752937,126.62298630923569
2026-01-24 21:00:00+00:00,55.81981647966405,82.0422137413689,136.15570973943102
2026-01-24 22:00:00+00:00,58.54597489326963,83.71890950801384,139.95425391904573
2026-01-24 23:00:00+00:00,61.273943135484956,81.3738385137076,136.3193597044589
2026-01-25 00:00:00+00:00,60.742833485796076,92.14748212650781,162.9656975755659
2026-01-25 01:00:00+00:00,56.607010491597315,86.3181446244624,144.30420632715806
2026-01-25 02:00:00+00:00,50.1492177286564,73.61790343497938,125.11577034610634
2026-01-25 03:00:00+00:00,53.26019953353538,83.11693083280089,139.1840428334179
2026-01-25 04:00:00+00:00,68.28351909847916,103.72887877233038,165.9342487361422
2026-01-25 05:00:00+00:00,81.51851520258828,118.29302034880232,191.28324787879524
2026-01-25 06:00:00+00:00,109.81535995036508,151.3838952228758,228.4812169390554
2026-01-25 07:00:00+00:00,112.01096782978213,157.56582247742102,244.00021346064295
2026-01-25 08:00:00+00:00,129.15880449083758,176.73137366255568,265.16932941603204
2026-01-25 09:00:00+00:00,141.1073351271731,184.21850541809476,241.9415365526459
2026-01-25 10:00:00+00:00,18.63445490304452,56.811061543516395,89.62442194288055
2026-01-25 11:00:00+00:00,11.646766474178245,47.812402616712426,77.5748976835642
2026-01-25 12:00:00+00:00,6.0867535402067485,39.136973876288714,83.59248094351196
2026-01-25 13:00:00+00:00,15.973471905796515,53.16380333825043,97.00910845653246
2026-01-25 14:00:00+00:00,25.130885283067222,94.49571352247725,174.08408918673615
2026-01-25 15:00:00+00:00,154.08737396258377,242.1987050649001,349.8801738163504
2026-01-25 16:00:00+00:00,188.84287916057534,293.6826707270726,425.5538920851261
2026-01-25 17:00:00+00:00,180.17226980072684,289.67374320535856,420.87360942503443
2026-01-25 18:00:00+00:00,213.5553453617836,306.2885928770761,421.9929359083909
2026-01-25 19:00:00+00:00,255.48651435211528,370.0356228051153,512.781385690725
2026-01-25 20:00:00+00:00,196.7165239212014,309.6736501561645,458.417975536235
2026-01-25 21:00:00+00:00,100.20834876920107,193.5831461690408,316.2228581196108
2026-01-25 22:00:00+00:00,178.13556917167278,287.1841935482852,410.27978030703304
2026-01-25 23:00:00+00:00,221.71939729008142,341.22501223896865,505.205666571098
2026-01-26 00:00:00+00:00,121.2275517391172,251.3561574072802,398.8104777061802
2026-01-26 01:00:00+00:00,124.99740300177254,218.86380769419193,314.65892801317557
2026-01-26 02:00:00+00:00,111.11712255733757,204.51834532939625,292.3235058116445
2026-01-26 03:00:00+00:00,48.53183436283637,134.43755727435925,220.99167030896228
2026-01-26 04:00:00+00:00,0.0,41.81537576797595,88.17968057827014
2026-01-26 05:00:00+00:00,0.0,22.57691908683194,54.42785649759621
2026-01-26 06:00:00+00:00,0.0,17.57368608138368,58.49809029602335
2026-01-26 07:00:00+00:00,0.0,39.492502105822034,95.24441310866172
2026-01-26 08:00:00+00:00,0.0,25.12537509343339,59.22974576074411
2026-01-26 09:00:00+00:00,0.0,11.564701971830484,24.605952929904724
2026-01-26 10:00:00+00:00,0.0,2.416644883912919,8.097313110418964
2026-01-26 11:00:00+00:00,0.0,0.0,0.5810585743638725
2026-01-26 12:00:00+00:00,0.0,0.0,0.0
2026-01-26 13:00:00+00:00,0.0,0.0,0.0
2026-01-26 14:00:00+00:00,0.0,0.0,0.5981595198070029
2026-01-26 15:00:00+00:00,0.0,0.6935926778177223,3.705773180301764
2026-01-26 16:00:00+00:00,1.7497567380314094,11.803005735417992,24.59550422510901
2026-01-26 17:00:00+00:00,15.059909849991282,24.474954480190608,55.499247346532464
2026-01-26 18:00:00+00:00,31.5070268404629,46.4358102389132,68.22337314230518
2026-01-26 19:00:00+00:00,51.848173675366525,69.23122253279868,91.31475537325002
2026-01-26 20:00:00+00:00,11.561205619618518,41.14365760730463,68.97093338250247
2026-01-26 21:00:00+00:00,0.0,44.610254868319096,107.9036787404379
2026-01-26 22:00:00+00:00,12.315940679389835,39.47796342797281,103.04672165699876
2026-01-26 23:00:00+00:00,34.65614950213731,61.370462065254316,104.90890831929059
2026-01-27 00:00:00+00:00,51.59603953391061,101.01548306781677,130.04817450519016
2026-01-27 01:00:00+00:00,24.370463203160334,63.693247113025016,85.85091219323681
2026-01-27 02:00:00+00:00,18.444479314780224,54.457212963007855,92.72947135375352
2026-01-27 03:00:00+00:00,35.368668395687465,66.99078959463864,122.87193184374169
2026-01-27 04:00:00+00:00,52.66246130584298,74.87540656737158,112.12047858813497
2026-01-27 05:00:00+00:00,56.08991103047334,74.60318610709297,100.99211409703025
2026-01-27 06:00:00+00:00,22.01311071527527,43.73521954765381,68.04878264965177
2026-01-27 07:00:00+00:00,19.71145113770687,50.29941460719468,91.69467826083809
2026-01-27 08:00:00+00:00,49.572291201191625,93.617024318667,146.53564378716462
2026-01-27 09:00:00+00:00,74.15631910251496,113.61165670474023,188.13456627859523
2026-01-27 10:00:00+00:00,56.84498566161685,100.79709165105318,165.018464456701
2026-01-27 11:00:00+00:00,43.01557000492525,79.38791488957168,131.66441411654978
2026-01-27 12:00:00+00:00,50.389344767890634,89.34248034963264,141.2693730597035
2026-01-27 13:00:00+00:00,54.76672288171265,104.34070461862237,160.61724231678764
2026-01-27 14:00:00+00:00,46.18085199851418,101.92326014172393,163.29775541442473
2026-01-27 15:00:00+00:00,99.24325686371778,171.29236865401106,258.75290434474186
2026-01-27 16:00:00+00:00,106.69932017247548,193.7289452253268,305.7871900860077
2026-01-27 17:00:00+00:00,135.11200894503952,224.73621429487642,335.63141249459534
2026-01-27 18:00:00+00:00,128.66461675077682,219.59902186225838,333.36275467336463
2026-01-27 19:00:00+00:00,130.93007349315195,215.37947943505696,333.23683468487025
2026-01-27 20:00:00+00:00,167.08916157332135,257.74941121566536,377.46402935730055
2026-01-27 21:00:00+00:00,159.68966701698668,238.3776451219793,360.8473707885751
2026-01-27 22:00:00+00:00,165.7336490293062,234.51616054922187,346.9462680998839
2026-01-27 23:00:00+00:00,126.44919264694474,199.27064435582423,307.7533323104227
2026-01-28 00:00:00+00:00,162.9474013417165,252.81903151795814,388.67051822520546
2026-01-28 01:00:00+00:00,179.15748264158142,281.0892106772437,414.2877779964715
2026-01-28 02:00:00+00:00,172.68755240111446,277.98054230041384,404.6030295567573
2026-01-28 03:00:00+00:00,129.92537696551904,260.34969486923853,405.0850440971113
2026-01-28 04:00:00+00:00,135.66980195489182,260.36188575699555,418.75352730277734
2026-01-28 05:00:00+00:00,155.37047692738832,278.02692179383735,443.4367456132283
2026-01-28 06:00:00+00:00,153.79853140664756,286.6905710874355,443.0798548265429
2026-01-28 07:00:00+00:00,190.90696350799095,329.3422451764624,496.05394967354516
2026-01-28 08:00:00+00:00,184.93601622315148,287.78743784421044,411.1628598843722
2026-01-28 09:00:00+00:00,119.86444290493723,197.05988025168966,277.9298329034358
2026-01-28 10:00:00+00:00,95.16097075262077,165.1738521291493,240.34150395779648
2026-01-28 11:00:00+00:00,96.36063308160244,163.58099587561537,239.75867149988318
2026-01-28 12:00:00+00:00,101.8369184502592,171.66327002671565,260.62454792314566
2026-01-28 13:00:00+00:00,131.39441669069717,207.77995145635686,307.0962855757655
2026-01-28 14:00:00+00:00,143.30001808721903,232.36633318150277,342.8595533338872
2026-01-28 15:00:00+00:00,156.9147249763072,279.87199344052135,438.16991300980305
2026-01-28 16:00:00+00:00,169.58399969173723,296.8426882890118,483.52844232598784
2026-01-28 17:00:00+00:00,165.3162472911094,295.0472756396947,476.6973637935201
2026-01-28 18:00:00+00:00,177.0641531328296,294.0509177997597,475.84549303191056
2026-01-28 19:00:00+00:00,232.18663777130743,343.96345215034995,504.8025022072778
2026-01-28 20:00:00+00:00,191.6111859925782,289.24469641976157,438.18439521646457
2026-01-28 21:00:00+00:00,194.27464300108355,276.4987687050165,400.4155187743012
2026-01-28 22:00:00+00:00,170.87239387463828,253.30364901156355,369.3678908682109
2026-01-28 23:00:00+00:00,164.42668619622935,239.03218017868264,360.3165904805395
2026-01-29 00:00:00+00:00,144.10364367861283,228.36625998997232,349.6014331660178
2026-01-29 01:00:00+00:00,137.8880564988412,217.8320054511661,335.28358179014606
2026-01-29 02:00:00+00:00,123.82050258391949,197.08071296194083,299.03454984089444
2026-01-29 03:00:00+00:00,124.08224409033897,190.81263871167351,292.25981871340576
2026-01-29 04:00:00+00:00,159.13395505965173,235.95533626173741,356.2745712546182
2026-01-29 05:00:00+00:00,173.47356583597332,252.05904707388555,376.88513402543947
2026-01-29 06:00:00+00:00,211.62543538018318,312.39854133288344,480.64723747175276
2026-01-29 07:00:00+00:00,199.8976257473576,293.8435891197813,459.88553215843376
2026-01-29 08:00:00+00:00,143.70597651223207,222.3037235378719,347.44382546794486
2026-01-29 09:00:00+00:00,127.63334501154193,194.27135942945026,311.9067432353478
2026-01-29 10:00:00+00:00,87.46796441100038,140.51709592276066,221.49840212314268
2026-01-29 11:00:00+00:00,77.64061221394799,128.2886754627193,200.55534357568138
2026-01-29 12:00:00+00:00,57.3778943666712,112.49089696896945,185.78168319292706
2026-01-29 13:00:00+00:00,105.25778528805857,155.9200164326307,248.78466305797357
2026-01-29 14:00:00+00:00,155.77722941280805,235.3822419434349,356.9767505844404
2026-01-29 15:00:00+00:00,180.62875283521757,275.56111286195085,410.2360770182284
2026-01-29 16:00:00+00:00,176.6609428907357,279.14054844474975,417.4399495880999
2026-01-29 17:00:00+00:00,182.69080827740055,287.7478840710631,431.9941763836443
2026-01-29 18:00:00+00:00,163.356621657605,268.66318806770244,407.2570622987975
2026-01-29 19:00:00+00:00,131.67541814826572,232.276008468321,360.07067766699333
2026-01-29 20:00:00+00:00,107.89224977589608,202.17986033950035,316.0197173163759
2026-01-29 21:00:00+00:00,91.09627657466743,173.07304389914816,267.64202668117866
2026-01-29 22:00:00+00:00,78.73605271175585,149.97490732204358,228.75923029688056
2026-01-29 23:00:00+00:00,80.16672810623142,137.49931473896117,203.66044199550944
2026-01-30 00:00:00+00:00,13.981831739387495,50.183922046578466,85.5871483002718
2026-01-30 01:00:00+00:00,23.54105188700037,54.5014305863709,86.62588018755864
2026-01-30 02:00:00+00:00,20.654764081435616,49.30397064738162,80.69589973956009
2026-01-30 03:00:00+00:00,32.90270902698094,66.03454763035774,98.74320612120842
2026-01-30 04:00:00+00:00,40.25482584677475,74.67898249932135,109.98186854780931
2026-01-30 05:00:00+00:00,36.97686880639003,72.88735211219911,111.22492136317484
2026-01-30 06:00:00+00:00,36.17471411038565,70.16651363884282,114.86130798005743
2026-01-30 07:00:00+00:00,35.94165081684087,75.65265657995636,133.2400268274558
2026-01-30 08:00:00+00:00,19.80806596730534,61.826969678565256,112.91407800173658
2026-01-30 09:00:00+00:00,0.0,18.823575379081895,44.30578681114129
2026-01-30 10:00:00+00:00,0.0,13.551738671051552,21.724195065882647
2026-01-30 11:00:00+00:00,0.0,9.323769429861926,13.819808588716626
2026-01-30 12:00:00+00:00,0.0,9.076997029029316,11.196724540841963
2026-01-30 13:00:00+00:00,0.0,11.985933148622697,18.821257928427926
2026-01-30 14:00:00+00:00,0.0,19.147733877654954,36.56216430544963
2026-01-30 15:00:00+00:00,26.379687623247953,55.439320592906626,93.5292765388769
2026-01-30 16:00:00+00:00,42.71301221084533,80.78958856992205,130.89595465071645
2026-01-30 17:00:00+00:00,49.58076727335616,89.72285469577892,144.76232626104743
2026-01-30 18:00:00+00:00,9.502857200516779,27.72203016658043,58.33776668027589
2026-01-30 19:00:00+00:00,31.149730139005683,46.452554352116586,77.18105816552234
2026-01-30 20:00:00+00:00,38.77387585564645,55.81563569709254,95.39282578190048
2026-01-30 21:00:00+00:00,51.51326529987554,70.41729557692936,120.38227675328503
2026-01-30 22:00:00+00:00,45.40625491056295,69.96682378738471,123.65394899882227
2026-01-30 23:00:00+00:00,34.85141166573411,69.54964538222879,127.02001842046701
2026-01-31 00:00:00+00:00,3.6828289024884353,26.549784048521254,55.39778980585718
2026-01-31 01:00:00+00:00,9.652411423885125,37.688569820318236,71.65914418330314
2026-01-31 02:00:00+00:00,13.080666949934722,45.51662727543611,80.56676153509872
2026-01-31 03:00:00+00:00,36.55971090970485,66.12167686091252,106.48964765961635
2026-01-31 04:00:00+00:00,36.78057024993496,68.85564301197832,113.65887039782015
2026-01-31 05:00:00+00:00,40.78972662467245,71.68843084266535,119.05597968187337
2026-01-31 06:00:00+00:00,22.508123392484467,49.19366751376171,80.74234577124712
2026-01-31 07:00:00+00:00,21.928786696839115,52.007853551983956,84.32011913581712
2026-01-31 08:00:00+00:00,43.97100830977985,67.49929458234968,106.2460619381406
2026-01-31 09:00:00+00:00,27.345421405307707,48.22276537504641,81.32129840049024
2026-01-31 10:00:00+00:00,46.374407985808176,66.48916705894628,101.41122612999675
2026-01-31 11:00:00+00:00,42.728407628551736,62.661946614638246,97.87455666656615
2026-01-31 12:00:00+00:00,28.208383732835042,48.38990771583299,76.5669670902427
2026-01-31 13:00:00+00:00,13.162683334276412,34.71555115045889,68.38433274773743
2026-01-31 14:00:00+00:00,53.14932099456907,78.61815447453972,117.69332992286964
2026-01-31 15:00:00+00:00,102.39317618293738,142.5460562988893,206.16804608400625
2026-01-31 16:00:00+00:00,117.6555094870837,168.97360232129466,260.33373063726117
2026-01-31 17:00:00+00:00,92.50661882831606,155.6823684860149,258.5473712698558
2026-01-31 18:00:00+00:00,74.55505777855875,141.84232963349666,236.93467973226672
2026-01-31 19:00:00+00:00,96.10962574307042,152.17191908809326,235.3416286365655
2026-01-31 20:00:00+00:00,93.49241317544013,142.04518939984544,224.9167986641599
2026-01-31 21:00:00+00:00,97.96059092423675,141.76715992973283,225.3230161939723
2026-01-31 22:00:00+00:00,112.49005681939964,152.103421983477,228.54734888142906
2026-01-31 23:00:00+00:00,107.6399153774786,142.264214832179,207.0451941567843
